{"version": "1", "message": "ERROR: Hidden Testcases server unreachable.", "problem_id": "ads2_m2_a1_1", "user_id": "Abhilash11Addanki", "score": {"sample": {"0": {"execution_time": 0.3784294128417969, "passed": true}, "1": {"execution_time": 0.38456106185913086, "passed": true}, "2": {"execution_time": 0.2854738235473633, "passed": true}, "3": {"execution_time": 0.33536362648010254, "passed": true}, "4": {"execution_time": 0.338653564453125, "passed": true}, "5": {"execution_time": 0.2390422821044922, "passed": true}, "6": {"execution_time": 0.35312533378601074, "passed": true}, "7": {"execution_time": 0.3503735065460205, "passed": true}, "8": {"execution_time": 0.3280982971191406, "passed": true}, "9": {"execution_time": 0.2888059616088867, "passed": true}, "10": {"execution_time": 0.2686159610748291, "passed": true}, "11": {"execution_time": 0.3090627193450928, "passed": true}, "12": {"execution_time": 0.23860740661621094, "passed": true}, "13": {"execution_time": 0.3834660053253174, "passed": true}, "14": {"execution_time": 0.3341984748840332, "passed": true}, "15": {"execution_time": 0.3034358024597168, "passed": true}, "16": {"execution_time": 0.28557491302490234, "passed": true}, "17": {"execution_time": 0.45154738426208496, "passed": true}, "18": {"execution_time": 0.3980379104614258, "passed": true}, "19": {"execution_time": 0.3943145275115967, "passed": true}, "20": {"execution_time": 0.37375950813293457, "passed": true}, "21": {"execution_time": 0.33433961868286133, "passed": true}, "22": {"execution_time": 0.3608839511871338, "passed": true}, "23": {"execution_time": 0.3811759948730469, "passed": true}}}, "check_style_score": "1/1"}