{"version": "1", "message": "ERROR: Hidden Testcases server unreachable.", "problem_id": "ads2_m2_a1_1", "user_id": "Abhilash11Addanki", "score": {"sample": {"0": {"execution_time": 0.4394824504852295, "passed": true}, "1": {"execution_time": 0.31563258171081543, "passed": true}, "2": {"execution_time": 0.38562607765197754, "passed": true}, "3": {"execution_time": 0.2848796844482422, "passed": true}, "4": {"execution_time": 0.4036440849304199, "passed": true}, "5": {"execution_time": 0.3155226707458496, "passed": true}, "6": {"execution_time": 0.24002289772033691, "passed": true}, "7": {"execution_time": 0.3581845760345459, "passed": true}, "8": {"execution_time": 0.19060826301574707, "passed": true}, "9": {"execution_time": 0.39571118354797363, "passed": true}, "10": {"execution_time": 0.37526416778564453, "passed": true}, "11": {"execution_time": 0.4029359817504883, "passed": true}, "12": {"execution_time": 0.3890349864959717, "passed": true}, "13": {"execution_time": 0.2754528522491455, "passed": true}, "14": {"execution_time": 0.39365601539611816, "passed": true}, "15": {"execution_time": 0.3952021598815918, "passed": true}, "16": {"execution_time": 0.39484381675720215, "passed": true}, "17": {"execution_time": 0.3624734878540039, "passed": true}, "18": {"execution_time": 0.23387598991394043, "passed": true}, "19": {"execution_time": 0.3992025852203369, "passed": true}, "20": {"execution_time": 0.3068273067474365, "passed": true}, "21": {"execution_time": 0.2754175662994385, "passed": true}, "22": {"execution_time": 0.41800546646118164, "passed": true}, "23": {"execution_time": 0.38679981231689453, "passed": true}}}, "check_style_score": "0/1"}