{"version": "1", "message": "ERROR: Hidden Testcases server unreachable.", "problem_id": "ads2_m2_a1_1", "user_id": "Abhilash11Addanki", "score": {"sample": {"0": {"execution_time": 0.5106439590454102, "passed": true}, "1": {"execution_time": 0.24314355850219727, "passed": true}, "2": {"execution_time": 0.18963050842285156, "passed": true}, "3": {"execution_time": 0.19393396377563477, "passed": true}, "4": {"execution_time": 0.2740011215209961, "passed": true}, "5": {"execution_time": 0.28865742683410645, "passed": true}, "6": {"execution_time": 0.3471677303314209, "passed": true}, "7": {"execution_time": 0.3051888942718506, "passed": true}, "8": {"execution_time": 0.2605314254760742, "passed": true}, "9": {"execution_time": 0.19907140731811523, "passed": true}, "10": {"execution_time": 0.2900981903076172, "passed": true}, "11": {"execution_time": 0.28761816024780273, "passed": true}, "12": {"execution_time": 0.34308743476867676, "passed": true}, "13": {"execution_time": 0.2911093235015869, "passed": true}, "14": {"execution_time": 0.2873506546020508, "passed": true}, "15": {"execution_time": 0.3623621463775635, "passed": true}, "16": {"execution_time": 0.333451509475708, "passed": true}, "17": {"execution_time": 0.23294591903686523, "passed": true}, "18": {"execution_time": 0.43221354484558105, "passed": true}, "19": {"execution_time": 0.4184544086456299, "passed": true}, "20": {"execution_time": 0.4363715648651123, "passed": true}, "21": {"execution_time": 0.34773731231689453, "passed": true}, "22": {"execution_time": 0.4657249450683594, "passed": true}, "23": {"execution_time": 0.5333690643310547, "passed": true}}}, "check_style_score": "1/1"}