{"version": "1", "message": "ERROR: Hidden Testcases server unreachable.", "problem_id": "ads2_m2_a1_1", "user_id": "Abhilash11Addanki", "score": {"sample": {"0": {"execution_time": 0.44385862350463867, "passed": true}, "1": {"execution_time": 0.3875105381011963, "passed": true}, "2": {"execution_time": 0.3326284885406494, "passed": true}, "3": {"execution_time": 0.351665735244751, "passed": true}, "4": {"execution_time": 0.32120418548583984, "passed": true}, "5": {"execution_time": 0.3177051544189453, "passed": true}, "6": {"execution_time": 0.2630176544189453, "passed": true}, "7": {"execution_time": 0.33338212966918945, "passed": true}, "8": {"execution_time": 0.26188206672668457, "passed": true}, "9": {"execution_time": 0.3808858394622803, "passed": true}, "10": {"execution_time": 0.3414328098297119, "passed": true}, "11": {"execution_time": 0.34087657928466797, "passed": true}, "12": {"execution_time": 0.2366018295288086, "passed": true}, "13": {"execution_time": 0.33617734909057617, "passed": true}, "14": {"execution_time": 0.38211822509765625, "passed": true}, "15": {"execution_time": 0.33687806129455566, "passed": true}, "16": {"execution_time": 0.4268810749053955, "passed": true}, "17": {"execution_time": 0.4242672920227051, "passed": true}, "18": {"execution_time": 0.4026529788970947, "passed": true}, "19": {"execution_time": 0.22881078720092773, "passed": true}, "20": {"execution_time": 0.35984158515930176, "passed": true}, "21": {"execution_time": 0.3255279064178467, "passed": true}, "22": {"execution_time": 0.37880516052246094, "passed": true}, "23": {"execution_time": 0.40086793899536133, "passed": true}}}, "check_style_score": "0/1"}