{"version": "1", "message": "ERROR: Hidden Testcases server unreachable.", "problem_id": "ads2_m2_a1_1", "user_id": "Abhilash11Addanki", "score": {"sample": {"0": {"execution_time": 0.35622429847717285, "passed": false}, "1": {"execution_time": 0.37399768829345703, "passed": false}, "2": {"execution_time": 0.26633214950561523, "passed": false}, "3": {"execution_time": 0.2561354637145996, "passed": false}, "4": {"execution_time": 0.19617867469787598, "passed": false}, "5": {"execution_time": 0.3381330966949463, "passed": false}, "6": {"execution_time": 0.4073960781097412, "passed": false}, "7": {"execution_time": 0.30374693870544434, "passed": false}, "8": {"execution_time": 0.2669966220855713, "passed": false}, "9": {"execution_time": 0.31163692474365234, "passed": false}, "10": {"execution_time": 0.3690986633300781, "passed": false}, "11": {"execution_time": 0.25602149963378906, "passed": false}, "12": {"execution_time": 0.19617557525634766, "passed": false}, "13": {"execution_time": 0.19600343704223633, "passed": false}, "14": {"execution_time": 0.19748163223266602, "passed": false}, "15": {"execution_time": 0.20119071006774902, "passed": false}, "16": {"execution_time": 0.3313608169555664, "passed": false}, "17": {"execution_time": 0.2496626377105713, "passed": false}, "18": {"execution_time": 0.3108704090118408, "passed": false}, "19": {"execution_time": 0.22923636436462402, "passed": false}, "20": {"execution_time": 0.2859807014465332, "passed": false}, "21": {"execution_time": 0.3689427375793457, "passed": false}, "22": {"execution_time": 0.2908515930175781, "passed": false}, "23": {"execution_time": 0.337343692779541, "passed": false}}}, "check_style_score": "0/1"}