{"version": "1", "message": "ERROR: Hidden Testcases server unreachable.", "problem_id": "ads2_m2_a1_1", "user_id": "Abhilash11Addanki", "score": {"sample": {"0": {"execution_time": 0.31423330307006836, "passed": true}, "1": {"execution_time": 0.25293445587158203, "passed": true}, "2": {"execution_time": 0.33681797981262207, "passed": true}, "3": {"execution_time": 0.2210693359375, "passed": true}, "4": {"execution_time": 0.22619891166687012, "passed": true}, "5": {"execution_time": 0.41579747200012207, "passed": true}, "6": {"execution_time": 0.37133145332336426, "passed": true}, "7": {"execution_time": 0.24295806884765625, "passed": true}, "8": {"execution_time": 0.30128931999206543, "passed": true}, "9": {"execution_time": 0.2987174987792969, "passed": true}, "10": {"execution_time": 0.3212900161743164, "passed": true}, "11": {"execution_time": 0.39916563034057617, "passed": true}, "12": {"execution_time": 0.2652926445007324, "passed": true}, "13": {"execution_time": 0.2957484722137451, "passed": true}, "14": {"execution_time": 0.35245394706726074, "passed": true}, "15": {"execution_time": 0.4104161262512207, "passed": true}, "16": {"execution_time": 0.4000411033630371, "passed": true}, "17": {"execution_time": 0.38663649559020996, "passed": true}, "18": {"execution_time": 0.22496628761291504, "passed": true}, "19": {"execution_time": 0.39365315437316895, "passed": true}, "20": {"execution_time": 0.2495744228363037, "passed": true}, "21": {"execution_time": 0.2822103500366211, "passed": true}, "22": {"execution_time": 0.3185110092163086, "passed": true}, "23": {"execution_time": 0.39257073402404785, "passed": true}}}, "check_style_score": "0/1"}