{"version": "1", "message": "ERROR: Hidden Testcases server unreachable.", "problem_id": "ads2_m2_a1_1", "user_id": "Abhilash11Addanki", "score": {"sample": {"0": {"execution_time": 0.23539972305297852, "passed": true}, "1": {"execution_time": 0.2561328411102295, "passed": true}, "2": {"execution_time": 0.43711066246032715, "passed": true}, "3": {"execution_time": 0.24559783935546875, "passed": true}, "4": {"execution_time": 0.27337098121643066, "passed": true}, "5": {"execution_time": 0.3460056781768799, "passed": true}, "6": {"execution_time": 0.37428855895996094, "passed": true}, "7": {"execution_time": 0.3915276527404785, "passed": true}, "8": {"execution_time": 0.20532989501953125, "passed": true}, "9": {"execution_time": 0.39936280250549316, "passed": true}, "10": {"execution_time": 0.20057225227355957, "passed": true}, "11": {"execution_time": 0.3404662609100342, "passed": true}, "12": {"execution_time": 0.19063425064086914, "passed": true}, "13": {"execution_time": 0.34915852546691895, "passed": true}, "14": {"execution_time": 0.37732768058776855, "passed": true}, "15": {"execution_time": 0.42328977584838867, "passed": true}, "16": {"execution_time": 0.38731813430786133, "passed": true}, "17": {"execution_time": 0.2868363857269287, "passed": true}, "18": {"execution_time": 0.4133117198944092, "passed": true}, "19": {"execution_time": 0.42383670806884766, "passed": true}, "20": {"execution_time": 0.25684142112731934, "passed": true}, "21": {"execution_time": 0.2592175006866455, "passed": true}, "22": {"execution_time": 0.3846094608306885, "passed": true}, "23": {"execution_time": 0.39140820503234863, "passed": true}}}, "check_style_score": "0/1"}