{"version": "1", "message": "ERROR: Hidden Testcases server unreachable.", "problem_id": "ads2_m6_a1_1", "user_id": "Abhilash11Addanki", "score": {"sample": {"0": {"execution_time": 0.5186018943786621, "passed": false}, "1": {"execution_time": 0.21143436431884766, "passed": false}, "2": {"execution_time": 0.2184150218963623, "passed": false}, "3": {"execution_time": 0.22748327255249023, "passed": false}, "4": {"execution_time": 0.2140045166015625, "passed": false}, "5": {"execution_time": 0.22769641876220703, "passed": false}, "6": {"execution_time": 0.2222909927368164, "passed": false}, "7": {"execution_time": 0.21954560279846191, "passed": false}, "8": {"execution_time": 0.2343742847442627, "passed": false}, "9": {"execution_time": 0.2225024700164795, "passed": false}, "10": {"execution_time": 0.22215867042541504, "passed": false}, "11": {"execution_time": 0.2293872833251953, "passed": false}}}, "check_style_score": "0/1"}