{"version": "1", "message": "ERROR: Hidden Testcases server unreachable.", "problem_id": "ads2_m6_a1_1", "user_id": "Abhilash11Addanki", "score": {"sample": {"0": {"execution_time": 0.22658014297485352, "passed": false}, "1": {"execution_time": 0.21466970443725586, "passed": false}, "2": {"execution_time": 0.2256615161895752, "passed": false}, "3": {"execution_time": 0.2549138069152832, "passed": false}, "4": {"execution_time": 0.22199583053588867, "passed": false}, "5": {"execution_time": 0.3064427375793457, "passed": false}, "6": {"execution_time": 0.23186683654785156, "passed": false}, "7": {"execution_time": 0.25413012504577637, "passed": false}, "8": {"execution_time": 0.2694685459136963, "passed": false}, "9": {"execution_time": 0.3039093017578125, "passed": false}, "10": {"execution_time": 0.3176872730255127, "passed": false}, "11": {"execution_time": 0.3134927749633789, "passed": false}}}, "check_style_score": "0/1"}