{"version": "1", "message": "ERROR: Hidden Testcases server unreachable.", "problem_id": "ads2_m6_a1_1", "user_id": "Abhilash11Addanki", "score": {"sample": {"0": {"execution_time": 0.2879025936126709, "passed": false}, "1": {"execution_time": 0.28499603271484375, "passed": false}, "2": {"execution_time": 0.2633705139160156, "passed": false}, "3": {"execution_time": 0.2726132869720459, "passed": false}, "4": {"execution_time": 0.2716364860534668, "passed": true}, "5": {"execution_time": 0.2742748260498047, "passed": false}, "6": {"execution_time": 0.2761564254760742, "passed": true}, "7": {"execution_time": 0.2746391296386719, "passed": false}, "8": {"execution_time": 0.2670004367828369, "passed": true}, "9": {"execution_time": 0.28682804107666016, "passed": true}, "10": {"execution_time": 0.2669191360473633, "passed": true}, "11": {"execution_time": 0.30286645889282227, "passed": false}}}, "check_style_score": "1/1"}