{"version": "1", "message": "ERROR: Hidden Testcases server unreachable.", "problem_id": "ads2_m6_a1_1", "user_id": "Abhilash11Addanki", "score": {"sample": {"0": {"execution_time": 0.3239588737487793, "passed": false}, "1": {"execution_time": 0.25527167320251465, "passed": false}, "2": {"execution_time": 0.24927163124084473, "passed": false}, "3": {"execution_time": 0.25547099113464355, "passed": false}, "4": {"execution_time": 0.25944018363952637, "passed": true}, "5": {"execution_time": 0.2722513675689697, "passed": false}, "6": {"execution_time": 0.2627086639404297, "passed": true}, "7": {"execution_time": 0.2544543743133545, "passed": false}, "8": {"execution_time": 0.25127100944519043, "passed": true}, "9": {"execution_time": 0.24155831336975098, "passed": true}, "10": {"execution_time": 0.2439253330230713, "passed": true}, "11": {"execution_time": 0.27384185791015625, "passed": false}}}, "check_style_score": "1/1"}