{"version": "1", "message": "ERROR: Hidden Testcases server unreachable.", "problem_id": "ads2_m6_a1_1", "user_id": "Abhilash11Addanki", "score": {"sample": {"0": {"execution_time": 0.6243288516998291, "passed": false}, "1": {"execution_time": 0.25831007957458496, "passed": false}, "2": {"execution_time": 0.26130104064941406, "passed": false}, "3": {"execution_time": 0.26030516624450684, "passed": false}, "4": {"execution_time": 0.2513284683227539, "passed": false}, "5": {"execution_time": 0.26329636573791504, "passed": false}, "6": {"execution_time": 0.25830960273742676, "passed": true}, "7": {"execution_time": 0.26129984855651855, "passed": false}, "8": {"execution_time": 0.2573130130767822, "passed": true}, "9": {"execution_time": 0.2852358818054199, "passed": false}, "10": {"execution_time": 0.2652926445007324, "passed": true}, "11": {"execution_time": 0.2603018283843994, "passed": false}}}, "check_style_score": "0/1"}