{"version": "1", "message": "ERROR: Hidden Testcases server unreachable.", "problem_id": "ads2_m6_a1_1", "user_id": "Abhilash11Addanki", "score": {"sample": {"0": {"execution_time": 0.2673912048339844, "passed": false}, "1": {"execution_time": 0.24730563163757324, "passed": false}, "2": {"execution_time": 0.2494966983795166, "passed": false}, "3": {"execution_time": 0.2607564926147461, "passed": false}, "4": {"execution_time": 0.24958562850952148, "passed": true}, "5": {"execution_time": 0.2616438865661621, "passed": false}, "6": {"execution_time": 0.24878501892089844, "passed": true}, "7": {"execution_time": 0.26766252517700195, "passed": false}, "8": {"execution_time": 0.2561507225036621, "passed": true}, "9": {"execution_time": 0.2535104751586914, "passed": true}, "10": {"execution_time": 0.24886536598205566, "passed": true}, "11": {"execution_time": 0.27014589309692383, "passed": false}}}, "check_style_score": "1/1"}