{"version": "1", "message": "ERROR: Hidden Testcases server unreachable.", "problem_id": "ads2_m6_a1_1", "user_id": "Abhilash11Addanki", "score": {"sample": {"0": {"execution_time": 0.5914337635040283, "passed": false}, "1": {"execution_time": 0.24077367782592773, "passed": false}, "2": {"execution_time": 0.2733323574066162, "passed": false}, "3": {"execution_time": 0.22441983222961426, "passed": false}, "4": {"execution_time": 0.22911357879638672, "passed": false}, "5": {"execution_time": 0.22738027572631836, "passed": false}, "6": {"execution_time": 0.21446013450622559, "passed": false}, "7": {"execution_time": 0.2313830852508545, "passed": false}, "8": {"execution_time": 0.22158145904541016, "passed": false}, "9": {"execution_time": 0.24462080001831055, "passed": false}, "10": {"execution_time": 0.22202682495117188, "passed": false}, "11": {"execution_time": 0.2344517707824707, "passed": false}}}, "check_style_score": "0/1"}