{"version": "1", "message": "ERROR: Hidden Testcases server unreachable.", "problem_id": "ads2_m6_a1_1", "user_id": "Abhilash11Addanki", "score": {"sample": {"0": {"execution_time": 0.2698636054992676, "passed": false}, "1": {"execution_time": 0.46355724334716797, "passed": false}, "2": {"execution_time": 0.28334569931030273, "passed": false}, "3": {"execution_time": 0.3450748920440674, "passed": false}, "4": {"execution_time": 0.37888574600219727, "passed": false}, "5": {"execution_time": 0.32140326499938965, "passed": false}, "6": {"execution_time": 0.2563176155090332, "passed": false}, "7": {"execution_time": 0.36150074005126953, "passed": false}, "8": {"execution_time": 0.3767740726470947, "passed": false}, "9": {"execution_time": 0.23640179634094238, "passed": false}, "10": {"execution_time": 0.285872220993042, "passed": false}, "11": {"execution_time": 0.4052734375, "passed": false}}}, "check_style_score": "0/1"}