{"version": "1", "message": "ERROR: Hidden Testcases server unreachable.", "problem_id": "ads2_m6_a1_1", "user_id": "Abhilash11Addanki", "score": {"sample": {"0": {"execution_time": 0.4598691463470459, "passed": false}, "1": {"execution_time": 0.2653203010559082, "passed": false}, "2": {"execution_time": 0.26030421257019043, "passed": false}, "3": {"execution_time": 0.241363525390625, "passed": false}, "4": {"execution_time": 0.25289297103881836, "passed": false}, "5": {"execution_time": 0.2643001079559326, "passed": false}, "6": {"execution_time": 0.2503316402435303, "passed": true}, "7": {"execution_time": 0.25032973289489746, "passed": false}, "8": {"execution_time": 0.2543187141418457, "passed": true}, "9": {"execution_time": 0.2672891616821289, "passed": false}, "10": {"execution_time": 0.2576630115509033, "passed": true}, "11": {"execution_time": 0.2593080997467041, "passed": false}}}, "check_style_score": "0/1"}