{"version": "1", "message": "ERROR: Hidden Testcases server unreachable.", "problem_id": "ads2_m6_a1_1", "user_id": "Abhilash11Addanki", "score": {"sample": {"0": {"execution_time": 0.4846315383911133, "passed": false}, "1": {"execution_time": 0.2543652057647705, "passed": false}, "2": {"execution_time": 0.23405981063842773, "passed": false}, "3": {"execution_time": 0.24481701850891113, "passed": false}, "4": {"execution_time": 0.2527012825012207, "passed": false}, "5": {"execution_time": 0.2403564453125, "passed": false}, "6": {"execution_time": 0.24257254600524902, "passed": false}, "7": {"execution_time": 0.24923968315124512, "passed": false}, "8": {"execution_time": 0.25155210494995117, "passed": false}, "9": {"execution_time": 0.24806928634643555, "passed": false}, "10": {"execution_time": 0.22242498397827148, "passed": false}, "11": {"execution_time": 0.25232553482055664, "passed": false}}}, "check_style_score": "0/1"}