{"version": "1", "message": "ERROR: Hidden Testcases server unreachable.", "problem_id": "ads2_m6_a1_1", "user_id": "Abhilash11Addanki", "score": {"sample": {"0": {"execution_time": 0.5016598701477051, "passed": false}, "1": {"execution_time": 0.4538092613220215, "passed": false}, "2": {"execution_time": 0.37775349617004395, "passed": false}, "3": {"execution_time": 0.5443270206451416, "passed": false}, "4": {"execution_time": 0.31174612045288086, "passed": true}, "5": {"execution_time": 0.3710806369781494, "passed": false}, "6": {"execution_time": 0.36783623695373535, "passed": true}, "7": {"execution_time": 0.4405374526977539, "passed": false}, "8": {"execution_time": 0.41425108909606934, "passed": true}, "9": {"execution_time": 0.39179062843322754, "passed": true}, "10": {"execution_time": 0.4070141315460205, "passed": true}, "11": {"execution_time": 0.4183504581451416, "passed": false}}}, "check_style_score": "1/1"}