{"version": "1", "message": "ERROR: Hidden Testcases server unreachable.", "problem_id": "ads2_m6_a1_1", "user_id": "Abhilash11Addanki", "score": {"sample": {"0": {"execution_time": 0.3091747760772705, "passed": false}, "1": {"execution_time": 0.24088573455810547, "passed": false}, "2": {"execution_time": 0.27227115631103516, "passed": false}, "3": {"execution_time": 0.23385190963745117, "passed": false}, "4": {"execution_time": 0.23344206809997559, "passed": false}, "5": {"execution_time": 0.23379015922546387, "passed": false}, "6": {"execution_time": 0.22588586807250977, "passed": false}, "7": {"execution_time": 0.22995281219482422, "passed": false}, "8": {"execution_time": 0.23929214477539062, "passed": false}, "9": {"execution_time": 0.24832510948181152, "passed": false}, "10": {"execution_time": 0.23672962188720703, "passed": false}, "11": {"execution_time": 0.23526906967163086, "passed": false}}}, "check_style_score": "0/1"}