{"version": "1", "message": "ERROR: Hidden Testcases server unreachable.", "problem_id": "ads2_m6_a1_1", "user_id": "Abhilash11Addanki", "score": {"sample": {"0": {"execution_time": 0.3003847599029541, "passed": false}, "1": {"execution_time": 0.2721574306488037, "passed": false}, "2": {"execution_time": 0.2345116138458252, "passed": false}, "3": {"execution_time": 0.2713007926940918, "passed": false}, "4": {"execution_time": 0.23413538932800293, "passed": false}, "5": {"execution_time": 0.2342517375946045, "passed": false}, "6": {"execution_time": 0.21558451652526855, "passed": false}, "7": {"execution_time": 0.24412107467651367, "passed": false}, "8": {"execution_time": 0.2232053279876709, "passed": false}, "9": {"execution_time": 0.2373676300048828, "passed": false}, "10": {"execution_time": 0.22765779495239258, "passed": false}, "11": {"execution_time": 0.23128151893615723, "passed": false}}}, "check_style_score": "0/1"}