{"version": "1", "message": "ERROR: Hidden Testcases server unreachable.", "problem_id": "ads2_m6_a1_1", "user_id": "Abhilash11Addanki", "score": {"sample": {"0": {"execution_time": 0.29122185707092285, "passed": false}, "1": {"execution_time": 0.26627135276794434, "passed": false}, "2": {"execution_time": 0.24811649322509766, "passed": false}, "3": {"execution_time": 0.2514383792877197, "passed": false}, "4": {"execution_time": 0.2724580764770508, "passed": true}, "5": {"execution_time": 0.2728853225708008, "passed": false}, "6": {"execution_time": 0.24406194686889648, "passed": true}, "7": {"execution_time": 0.2537813186645508, "passed": false}, "8": {"execution_time": 0.2379167079925537, "passed": true}, "9": {"execution_time": 0.2587566375732422, "passed": true}, "10": {"execution_time": 0.24001216888427734, "passed": true}, "11": {"execution_time": 0.27457618713378906, "passed": false}}}, "check_style_score": "1/1"}