{"version": "1", "message": "ERROR: Hidden Testcases server unreachable.", "problem_id": "ads2_m6_a1_1", "user_id": "Abhilash11Addanki", "score": {"sample": {"0": {"execution_time": 0.21902012825012207, "passed": false}, "1": {"execution_time": 0.22846055030822754, "passed": false}, "2": {"execution_time": 0.21667933464050293, "passed": false}, "3": {"execution_time": 0.3549962043762207, "passed": false}, "4": {"execution_time": 0.22240090370178223, "passed": false}, "5": {"execution_time": 0.25093603134155273, "passed": false}, "6": {"execution_time": 0.22987580299377441, "passed": true}, "7": {"execution_time": 0.2265625, "passed": false}, "8": {"execution_time": 0.22042346000671387, "passed": true}, "9": {"execution_time": 0.23137617111206055, "passed": false}, "10": {"execution_time": 0.23046588897705078, "passed": true}, "11": {"execution_time": 0.24042367935180664, "passed": false}}}, "check_style_score": "0/1"}