{"version": "1", "message": "ERROR: Hidden Testcases server unreachable.", "problem_id": "ads2_m6_a1_1", "user_id": "Abhilash11Addanki", "score": {"sample": {"0": {"execution_time": 0.2714684009552002, "passed": false}, "1": {"execution_time": 0.24550819396972656, "passed": false}, "2": {"execution_time": 0.2662789821624756, "passed": false}, "3": {"execution_time": 0.25694799423217773, "passed": false}, "4": {"execution_time": 0.28654003143310547, "passed": false}, "5": {"execution_time": 0.30930638313293457, "passed": false}, "6": {"execution_time": 0.27005553245544434, "passed": false}, "7": {"execution_time": 0.27828502655029297, "passed": false}, "8": {"execution_time": 0.24533653259277344, "passed": false}, "9": {"execution_time": 0.27377986907958984, "passed": false}, "10": {"execution_time": 0.246687650680542, "passed": false}, "11": {"execution_time": 0.2611703872680664, "passed": false}}}, "check_style_score": "0/1"}