{"version": "1", "message": "ERROR: Hidden Testcases server unreachable.", "problem_id": "ads2_m6_a1_1", "user_id": "Abhilash11Addanki", "score": {"sample": {"0": {"execution_time": 0.2726278305053711, "passed": false}, "1": {"execution_time": 0.2553739547729492, "passed": false}, "2": {"execution_time": 0.2538750171661377, "passed": false}, "3": {"execution_time": 0.2563161849975586, "passed": false}, "4": {"execution_time": 0.2539529800415039, "passed": false}, "5": {"execution_time": 0.26427125930786133, "passed": false}, "6": {"execution_time": 0.24144530296325684, "passed": false}, "7": {"execution_time": 0.2495403289794922, "passed": false}, "8": {"execution_time": 0.2510707378387451, "passed": false}, "9": {"execution_time": 0.26506805419921875, "passed": false}, "10": {"execution_time": 0.24828815460205078, "passed": false}, "11": {"execution_time": 0.26628541946411133, "passed": false}}}, "check_style_score": "0/1"}