{"version": "1", "message": "ERROR: Hidden Testcases server unreachable.", "problem_id": "ads2_m6_a1_1", "user_id": "Abhilash11Addanki", "score": {"sample": {"0": {"execution_time": 0.5115165710449219, "passed": false}, "1": {"execution_time": 0.4486076831817627, "passed": false}, "2": {"execution_time": 0.24083352088928223, "passed": false}, "3": {"execution_time": 0.3264913558959961, "passed": false}, "4": {"execution_time": 0.36892175674438477, "passed": false}, "5": {"execution_time": 0.39724254608154297, "passed": false}, "6": {"execution_time": 0.32131028175354004, "passed": false}, "7": {"execution_time": 0.2980532646179199, "passed": false}, "8": {"execution_time": 0.3485419750213623, "passed": false}, "9": {"execution_time": 0.38358259201049805, "passed": false}, "10": {"execution_time": 0.28323888778686523, "passed": false}, "11": {"execution_time": 0.44300246238708496, "passed": false}}}, "check_style_score": "0/1"}