{"version": "1", "message": "ERROR: Hidden Testcases server unreachable.", "problem_id": "ads2_m6_a1_1", "user_id": "Abhilash11Addanki", "score": {"sample": {"0": {"execution_time": 0.22557353973388672, "passed": false}, "1": {"execution_time": 0.3003413677215576, "passed": false}, "2": {"execution_time": 0.3791689872741699, "passed": false}, "3": {"execution_time": 0.3699204921722412, "passed": false}, "4": {"execution_time": 0.3392786979675293, "passed": false}, "5": {"execution_time": 0.311901330947876, "passed": false}, "6": {"execution_time": 0.2840559482574463, "passed": false}, "7": {"execution_time": 0.2973148822784424, "passed": false}, "8": {"execution_time": 0.28481268882751465, "passed": false}, "9": {"execution_time": 0.27541422843933105, "passed": false}, "10": {"execution_time": 0.40410351753234863, "passed": false}, "11": {"execution_time": 0.32503581047058105, "passed": false}}}, "check_style_score": "0/1"}