{"version": "1", "message": "ERROR: Hidden Testcases server unreachable.", "problem_id": "ads2_m6_a1_1", "user_id": "Abhilash11Addanki", "score": {"sample": {"0": {"execution_time": 0.3515758514404297, "passed": false}, "1": {"execution_time": 0.36887335777282715, "passed": false}, "2": {"execution_time": 0.4123976230621338, "passed": false}, "3": {"execution_time": 0.3577306270599365, "passed": false}, "4": {"execution_time": 0.39688587188720703, "passed": false}, "5": {"execution_time": 0.2411184310913086, "passed": false}, "6": {"execution_time": 0.3584721088409424, "passed": false}, "7": {"execution_time": 0.38750648498535156, "passed": false}, "8": {"execution_time": 0.3617534637451172, "passed": false}, "9": {"execution_time": 0.34953856468200684, "passed": false}, "10": {"execution_time": 0.24167132377624512, "passed": false}, "11": {"execution_time": 0.46427440643310547, "passed": false}}}, "check_style_score": "0/1"}