{"version": "1", "message": "ERROR: Hidden Testcases server unreachable.", "problem_id": "ads2_m6_a1_1", "user_id": "Abhilash11Addanki", "score": {"sample": {"0": {"execution_time": 0.46245431900024414, "passed": false}, "1": {"execution_time": 0.2574331760406494, "passed": false}, "2": {"execution_time": 0.25927209854125977, "passed": false}, "3": {"execution_time": 0.26129722595214844, "passed": false}, "4": {"execution_time": 0.26562047004699707, "passed": false}, "5": {"execution_time": 0.289229154586792, "passed": false}, "6": {"execution_time": 0.26927852630615234, "passed": true}, "7": {"execution_time": 0.2722737789154053, "passed": false}, "8": {"execution_time": 0.28025174140930176, "passed": true}, "9": {"execution_time": 0.2932164669036865, "passed": false}, "10": {"execution_time": 0.2762603759765625, "passed": true}, "11": {"execution_time": 0.28523707389831543, "passed": false}}}, "check_style_score": "1/1"}