{"version": "1", "message": "ERROR: Hidden Testcases server unreachable.", "problem_id": "ads2_m6_a1_1", "user_id": "Abhilash11Addanki", "score": {"sample": {"0": {"execution_time": 0.2779207229614258, "passed": false}, "1": {"execution_time": 0.259136438369751, "passed": false}, "2": {"execution_time": 0.2532320022583008, "passed": false}, "3": {"execution_time": 0.2691831588745117, "passed": false}, "4": {"execution_time": 0.25633692741394043, "passed": true}, "5": {"execution_time": 0.27353572845458984, "passed": false}, "6": {"execution_time": 0.24786663055419922, "passed": true}, "7": {"execution_time": 0.2674136161804199, "passed": false}, "8": {"execution_time": 0.2607307434082031, "passed": true}, "9": {"execution_time": 0.25990891456604004, "passed": true}, "10": {"execution_time": 0.24145102500915527, "passed": true}, "11": {"execution_time": 0.263552188873291, "passed": false}}}, "check_style_score": "1/1"}