{"version": "1", "message": "ERROR: Hidden Testcases server unreachable.", "problem_id": "ads2_m6_a1_1", "user_id": "Abhilash11Addanki", "score": {"sample": {"0": {"execution_time": 0.5341067314147949, "passed": false}, "1": {"execution_time": 0.24634099006652832, "passed": false}, "2": {"execution_time": 0.26928162574768066, "passed": false}, "3": {"execution_time": 0.28524279594421387, "passed": false}, "4": {"execution_time": 0.27227210998535156, "passed": false}, "5": {"execution_time": 0.26928043365478516, "passed": false}, "6": {"execution_time": 0.264143705368042, "passed": true}, "7": {"execution_time": 0.2483365535736084, "passed": false}, "8": {"execution_time": 0.25332212448120117, "passed": true}, "9": {"execution_time": 0.2593073844909668, "passed": false}, "10": {"execution_time": 0.2712671756744385, "passed": true}, "11": {"execution_time": 0.28025054931640625, "passed": false}}}, "check_style_score": "0/1"}