{"version": "1", "message": "ERROR: Hidden Testcases server unreachable.", "problem_id": "ads2_m6_a1_1", "user_id": "Abhilash11Addanki", "score": {"sample": {"0": {"execution_time": 0.29517483711242676, "passed": false}, "1": {"execution_time": 0.27549052238464355, "passed": false}, "2": {"execution_time": 0.2590157985687256, "passed": false}, "3": {"execution_time": 0.29661035537719727, "passed": false}, "4": {"execution_time": 0.26366639137268066, "passed": true}, "5": {"execution_time": 0.2924485206604004, "passed": false}, "6": {"execution_time": 0.27431464195251465, "passed": true}, "7": {"execution_time": 0.27506279945373535, "passed": false}, "8": {"execution_time": 0.26875829696655273, "passed": true}, "9": {"execution_time": 0.30216360092163086, "passed": true}, "10": {"execution_time": 0.2583580017089844, "passed": true}, "11": {"execution_time": 0.2897469997406006, "passed": false}}}, "check_style_score": "1/1"}