{"version": "1", "message": "ERROR: Hidden Testcases server unreachable.", "problem_id": "ads2_m6_a1_1", "user_id": "Abhilash11Addanki", "score": {"sample": {"0": {"execution_time": 0.4547848701477051, "passed": false}, "1": {"execution_time": 0.2563135623931885, "passed": false}, "2": {"execution_time": 0.2533247470855713, "passed": false}, "3": {"execution_time": 0.2760334014892578, "passed": false}, "4": {"execution_time": 0.3221397399902344, "passed": false}, "5": {"execution_time": 0.26630282402038574, "passed": false}, "6": {"execution_time": 0.2483370304107666, "passed": true}, "7": {"execution_time": 0.26032447814941406, "passed": false}, "8": {"execution_time": 0.26927924156188965, "passed": true}, "9": {"execution_time": 0.25934433937072754, "passed": false}, "10": {"execution_time": 0.24634242057800293, "passed": true}, "11": {"execution_time": 0.25831007957458496, "passed": false}}}, "check_style_score": "0/1"}