{"version": "1", "message": "ERROR: Hidden Testcases server unreachable.", "problem_id": "ads2_m6_a1_1", "user_id": "Abhilash11Addanki", "score": {"sample": {"0": {"execution_time": 0.2757081985473633, "passed": false}, "1": {"execution_time": 0.2182910442352295, "passed": false}, "2": {"execution_time": 0.2260427474975586, "passed": false}, "3": {"execution_time": 0.22587323188781738, "passed": false}, "4": {"execution_time": 0.2250056266784668, "passed": false}, "5": {"execution_time": 0.2753612995147705, "passed": false}, "6": {"execution_time": 0.30000972747802734, "passed": false}, "7": {"execution_time": 0.23879384994506836, "passed": false}, "8": {"execution_time": 0.2617347240447998, "passed": false}, "9": {"execution_time": 0.2124497890472412, "passed": false}, "10": {"execution_time": 0.24108338356018066, "passed": false}, "11": {"execution_time": 0.21921610832214355, "passed": false}}}, "check_style_score": "0/1"}