{"version": "1", "message": "ERROR: Hidden Testcases server unreachable.", "problem_id": "ads2_m6_a1_1", "user_id": "Abhilash11Addanki", "score": {"sample": {"0": {"execution_time": 0.296201229095459, "passed": false}, "1": {"execution_time": 0.27912116050720215, "passed": false}, "2": {"execution_time": 0.2687540054321289, "passed": false}, "3": {"execution_time": 0.271099328994751, "passed": false}, "4": {"execution_time": 0.2648029327392578, "passed": true}, "5": {"execution_time": 0.27119970321655273, "passed": false}, "6": {"execution_time": 0.28473877906799316, "passed": true}, "7": {"execution_time": 0.28168249130249023, "passed": false}, "8": {"execution_time": 0.26920127868652344, "passed": true}, "9": {"execution_time": 0.27623724937438965, "passed": true}, "10": {"execution_time": 0.2529172897338867, "passed": true}, "11": {"execution_time": 0.27201056480407715, "passed": false}}}, "check_style_score": "1/1"}