{"version": "1", "message": "ERROR: Hidden Testcases server unreachable.", "problem_id": "ads2_m6_a1_1", "user_id": "Abhilash11Addanki", "score": {"sample": {"0": {"execution_time": 0.2913823127746582, "passed": false}, "1": {"execution_time": 0.2839033603668213, "passed": false}, "2": {"execution_time": 0.2705109119415283, "passed": false}, "3": {"execution_time": 0.2867772579193115, "passed": false}, "4": {"execution_time": 0.2723541259765625, "passed": true}, "5": {"execution_time": 0.2832450866699219, "passed": false}, "6": {"execution_time": 0.27939748764038086, "passed": true}, "7": {"execution_time": 0.268707275390625, "passed": false}, "8": {"execution_time": 0.2626466751098633, "passed": true}, "9": {"execution_time": 0.28639721870422363, "passed": true}, "10": {"execution_time": 0.3081231117248535, "passed": true}, "11": {"execution_time": 0.3397824764251709, "passed": false}}}, "check_style_score": "1/1"}