{"version": "1", "message": "ERROR: Hidden Testcases server unreachable.", "problem_id": "ads2_m6_a1_1", "user_id": "Abhilash11Addanki", "score": {"sample": {"0": {"execution_time": 0.2723672389984131, "passed": false}, "1": {"execution_time": 0.24241876602172852, "passed": false}, "2": {"execution_time": 0.2389228343963623, "passed": false}, "3": {"execution_time": 0.2250356674194336, "passed": false}, "4": {"execution_time": 0.2169501781463623, "passed": false}, "5": {"execution_time": 0.2313077449798584, "passed": false}, "6": {"execution_time": 0.21951889991760254, "passed": false}, "7": {"execution_time": 0.23461079597473145, "passed": false}, "8": {"execution_time": 0.2203834056854248, "passed": false}, "9": {"execution_time": 0.21783447265625, "passed": false}, "10": {"execution_time": 0.22554349899291992, "passed": false}, "11": {"execution_time": 0.23308801651000977, "passed": false}}}, "check_style_score": "0/1"}