{"version": "1", "message": "ERROR: Hidden Testcases server unreachable.", "problem_id": "ads2_m6_a1_1", "user_id": "Abhilash11Addanki", "score": {"sample": {"0": {"execution_time": 0.2625095844268799, "passed": false}, "1": {"execution_time": 0.27028918266296387, "passed": false}, "2": {"execution_time": 0.27726197242736816, "passed": false}, "3": {"execution_time": 0.28623437881469727, "passed": false}, "4": {"execution_time": 0.2792530059814453, "passed": true}, "5": {"execution_time": 0.27426648139953613, "passed": false}, "6": {"execution_time": 0.2593080997467041, "passed": true}, "7": {"execution_time": 0.2682840824127197, "passed": false}, "8": {"execution_time": 0.27726125717163086, "passed": true}, "9": {"execution_time": 0.27726006507873535, "passed": true}, "10": {"execution_time": 0.25033092498779297, "passed": true}, "11": {"execution_time": 0.2822437286376953, "passed": false}}}, "check_style_score": "1/1"}