{"version": "1", "message": "ERROR: Hidden Testcases server unreachable.", "problem_id": "ads2_m6_a1_1", "user_id": "Abhilash11Addanki", "score": {"sample": {"0": {"execution_time": 0.2361435890197754, "passed": false}, "1": {"execution_time": 0.24271726608276367, "passed": false}, "2": {"execution_time": 0.2219562530517578, "passed": false}, "3": {"execution_time": 0.21698260307312012, "passed": false}, "4": {"execution_time": 0.2742795944213867, "passed": false}, "5": {"execution_time": 0.32339906692504883, "passed": false}, "6": {"execution_time": 0.2949674129486084, "passed": false}, "7": {"execution_time": 0.2236347198486328, "passed": false}, "8": {"execution_time": 0.22590017318725586, "passed": false}, "9": {"execution_time": 0.22197675704956055, "passed": false}, "10": {"execution_time": 0.20332932472229004, "passed": false}, "11": {"execution_time": 0.22358989715576172, "passed": false}}}, "check_style_score": "0/1"}