{"version": "1", "message": "ERROR: Hidden Testcases server unreachable.", "problem_id": "ads2_m6_a1_1", "user_id": "Abhilash11Addanki", "score": {"sample": {"0": {"execution_time": 0.2991302013397217, "passed": false}, "1": {"execution_time": 0.3046834468841553, "passed": false}, "2": {"execution_time": 0.28825998306274414, "passed": false}, "3": {"execution_time": 0.26828789710998535, "passed": false}, "4": {"execution_time": 0.2770707607269287, "passed": true}, "5": {"execution_time": 0.2956967353820801, "passed": false}, "6": {"execution_time": 0.2828540802001953, "passed": true}, "7": {"execution_time": 0.2743041515350342, "passed": false}, "8": {"execution_time": 0.26836538314819336, "passed": true}, "9": {"execution_time": 0.2735860347747803, "passed": true}, "10": {"execution_time": 0.2563495635986328, "passed": true}, "11": {"execution_time": 0.2932403087615967, "passed": false}}}, "check_style_score": "1/1"}