{"version": "1", "message": "ERROR: Hidden Testcases server unreachable.", "problem_id": "ads2_m6_a1_1", "user_id": "Abhilash11Addanki", "score": {"sample": {"0": {"execution_time": 0.28965044021606445, "passed": false}, "1": {"execution_time": 0.2680234909057617, "passed": false}, "2": {"execution_time": 0.38666868209838867, "passed": false}, "3": {"execution_time": 0.43201398849487305, "passed": false}, "4": {"execution_time": 0.29193830490112305, "passed": true}, "5": {"execution_time": 0.2854807376861572, "passed": false}, "6": {"execution_time": 0.26793479919433594, "passed": true}, "7": {"execution_time": 0.2785015106201172, "passed": false}, "8": {"execution_time": 0.2806110382080078, "passed": true}, "9": {"execution_time": 0.2744157314300537, "passed": true}, "10": {"execution_time": 0.2665090560913086, "passed": true}, "11": {"execution_time": 0.2837834358215332, "passed": false}}}, "check_style_score": "1/1"}