{"version": "1", "message": "ERROR: Hidden Testcases server unreachable.", "problem_id": "ads2_m6_a1_1", "user_id": "Abhilash11Addanki", "score": {"sample": {"0": {"execution_time": 0.24558067321777344, "passed": false}, "1": {"execution_time": 0.21139192581176758, "passed": false}, "2": {"execution_time": 0.22642183303833008, "passed": false}, "3": {"execution_time": 0.21741914749145508, "passed": false}, "4": {"execution_time": 0.22139286994934082, "passed": false}, "5": {"execution_time": 0.21446895599365234, "passed": false}, "6": {"execution_time": 0.22271990776062012, "passed": false}, "7": {"execution_time": 0.22413945198059082, "passed": false}, "8": {"execution_time": 0.22041106224060059, "passed": false}, "9": {"execution_time": 0.23636889457702637, "passed": false}, "10": {"execution_time": 0.2197740077972412, "passed": false}, "11": {"execution_time": 0.23836064338684082, "passed": false}}}, "check_style_score": "0/1"}