{"version": "1", "message": "ERROR: Hidden Testcases server unreachable.", "problem_id": "ads2_m6_a1_1", "user_id": "Abhilash11Addanki", "score": {"sample": {"0": {"execution_time": 0.4272782802581787, "passed": false}, "1": {"execution_time": 0.26754045486450195, "passed": false}, "2": {"execution_time": 0.27687501907348633, "passed": false}, "3": {"execution_time": 0.29389524459838867, "passed": false}, "4": {"execution_time": 0.28893136978149414, "passed": true}, "5": {"execution_time": 0.2782423496246338, "passed": false}, "6": {"execution_time": 0.2710139751434326, "passed": true}, "7": {"execution_time": 0.26026201248168945, "passed": false}, "8": {"execution_time": 0.2621779441833496, "passed": true}, "9": {"execution_time": 0.2929244041442871, "passed": true}, "10": {"execution_time": 0.2881627082824707, "passed": true}, "11": {"execution_time": 0.4408752918243408, "passed": false}}}, "check_style_score": "1/1"}