{"version": "1", "message": "ERROR: Hidden Testcases server unreachable.", "problem_id": "ads2_m6_a1_1", "user_id": "Abhilash11Addanki", "score": {"sample": {"0": {"execution_time": 0.3420255184173584, "passed": false}, "1": {"execution_time": 0.38683295249938965, "passed": false}, "2": {"execution_time": 0.3975565433502197, "passed": false}, "3": {"execution_time": 0.23294448852539062, "passed": false}, "4": {"execution_time": 0.29330968856811523, "passed": false}, "5": {"execution_time": 0.3681364059448242, "passed": false}, "6": {"execution_time": 0.42516422271728516, "passed": false}, "7": {"execution_time": 0.4044315814971924, "passed": false}, "8": {"execution_time": 0.3578670024871826, "passed": false}, "9": {"execution_time": 0.39479637145996094, "passed": false}, "10": {"execution_time": 0.3777332305908203, "passed": false}, "11": {"execution_time": 0.34479594230651855, "passed": false}}}, "check_style_score": "0/1"}