{"version": "1", "message": "ERROR: Hidden Testcases server unreachable.", "problem_id": "ads2_m6_a1_1", "user_id": "Abhilash11Addanki", "score": {"sample": {"0": {"execution_time": 0.4177365303039551, "passed": false}, "1": {"execution_time": 0.24693655967712402, "passed": false}, "2": {"execution_time": 0.24828004837036133, "passed": false}, "3": {"execution_time": 0.25333285331726074, "passed": false}, "4": {"execution_time": 0.25064563751220703, "passed": false}, "5": {"execution_time": 0.2673935890197754, "passed": true}, "6": {"execution_time": 0.24315285682678223, "passed": true}, "7": {"execution_time": 0.2534768581390381, "passed": false}, "8": {"execution_time": 0.25232672691345215, "passed": true}, "9": {"execution_time": 0.26927900314331055, "passed": false}, "10": {"execution_time": 0.24434542655944824, "passed": true}, "11": {"execution_time": 0.3041872978210449, "passed": false}}}, "check_style_score": "1/1"}