{"version": "1", "message": "ERROR: Hidden Testcases server unreachable.", "problem_id": "ads2_m6_a1_1", "user_id": "Abhilash11Addanki", "score": {"sample": {"0": {"execution_time": 0.4809534549713135, "passed": false}, "1": {"execution_time": 0.2682831287384033, "passed": false}, "2": {"execution_time": 0.2842392921447754, "passed": false}, "3": {"execution_time": 0.28822994232177734, "passed": false}, "4": {"execution_time": 0.2732570171356201, "passed": true}, "5": {"execution_time": 0.32213783264160156, "passed": false}, "6": {"execution_time": 0.2919118404388428, "passed": true}, "7": {"execution_time": 0.31058645248413086, "passed": false}, "8": {"execution_time": 0.29720473289489746, "passed": true}, "9": {"execution_time": 0.293215274810791, "passed": true}, "10": {"execution_time": 0.2672874927520752, "passed": true}, "11": {"execution_time": 0.29421448707580566, "passed": false}}}, "check_style_score": "0/1"}