{"version": "1", "message": "ERROR: Hidden Testcases server unreachable.", "problem_id": "ads2_m16_a1_1", "user_id": "Abhilash11Addanki", "score": {"sample": {"0": {"execution_time": 0.43531179428100586, "passed": true}, "1": {"execution_time": 0.43894314765930176, "passed": true}, "2": {"execution_time": 0.7756354808807373, "passed": true}, "3": {"execution_time": 0.7560040950775146, "passed": true}, "4": {"execution_time": 0.7909183502197266, "passed": true}, "5": {"execution_time": 0.5687532424926758, "passed": true}, "6": {"execution_time": 0.786360502243042, "passed": true}, "7": {"execution_time": 0.6907761096954346, "passed": true}, "8": {"execution_time": 0.4613916873931885, "passed": true}, "9": {"execution_time": 0.7522337436676025, "passed": true}, "10": {"execution_time": 0.663123369216919, "passed": true}, "11": {"execution_time": 3.853074073791504, "passed": true}, "12": {"execution_time": 0.5770256519317627, "passed": true}, "13": {"execution_time": 0.27039217948913574, "passed": true}, "14": {"execution_time": 0.7432267665863037, "passed": true}, "15": {"execution_time": 0.6374623775482178, "passed": true}, "16": {"execution_time": 0.5476818084716797, "passed": true}, "17": {"execution_time": 0.442793607711792, "passed": true}, "18": {"execution_time": 0.46370887756347656, "passed": true}, "19": {"execution_time": 0.49788975715637207, "passed": true}, "20": {"execution_time": 0.5187022686004639, "passed": true}, "21": {"execution_time": 0.4779341220855713, "passed": true}, "22": {"execution_time": 0.493863582611084, "passed": true}, "23": {"execution_time": 0.45323991775512695, "passed": true}, "24": {"execution_time": 0.4272940158843994, "passed": true}, "25": {"execution_time": 0.8126463890075684, "passed": true}, "26": {"execution_time": 0.7283689975738525, "passed": true}, "27": {"execution_time": 0.7048838138580322, "passed": true}, "28": {"execution_time": 1.2579312324523926, "passed": true}, "29": {"execution_time": 0.30521631240844727, "passed": true}}}, "check_style_score": "0/1"}