{"version": "1", "message": "ERROR: Hidden Testcases server unreachable.", "problem_id": "ads2_m16_a1_1", "user_id": "Abhilash11Addanki", "score": {"sample": {"0": {"execution_time": 0.4358518123626709, "passed": false}, "1": {"execution_time": 0.32415103912353516, "passed": false}, "2": {"execution_time": 0.5585958957672119, "passed": false}, "3": {"execution_time": 0.6073956489562988, "passed": false}, "4": {"execution_time": 0.6151800155639648, "passed": false}, "5": {"execution_time": 0.3942852020263672, "passed": false}, "6": {"execution_time": 0.391676664352417, "passed": false}, "7": {"execution_time": 0.5523049831390381, "passed": false}, "8": {"execution_time": 0.29648733139038086, "passed": false}, "9": {"execution_time": 0.472545862197876, "passed": false}, "10": {"execution_time": 0.43837976455688477, "passed": false}, "11": {"execution_time": 0.41259193420410156, "passed": false}, "12": {"execution_time": 0.47571682929992676, "passed": false}, "13": {"execution_time": 0.24608826637268066, "passed": true}, "14": {"execution_time": 0.4980030059814453, "passed": false}, "15": {"execution_time": 0.6290178298950195, "passed": false}, "16": {"execution_time": 0.4293556213378906, "passed": false}, "17": {"execution_time": 0.2809908390045166, "passed": false}, "18": {"execution_time": 0.47818779945373535, "passed": false}, "19": {"execution_time": 0.44437122344970703, "passed": false}, "20": {"execution_time": 0.4884505271911621, "passed": false}, "21": {"execution_time": 0.2918577194213867, "passed": false}, "22": {"execution_time": 0.4270162582397461, "passed": false}, "23": {"execution_time": 0.3849008083343506, "passed": false}, "24": {"execution_time": 0.3977208137512207, "passed": true}, "25": {"execution_time": 0.46717262268066406, "passed": false}, "26": {"execution_time": 0.45165491104125977, "passed": false}, "27": {"execution_time": 0.588996171951294, "passed": false}, "28": {"execution_time": 0.5216844081878662, "passed": false}, "29": {"execution_time": 0.38472723960876465, "passed": false}}}, "check_style_score": "0/1"}