{"version": "1", "message": "ERROR: Hidden Testcases server unreachable.", "problem_id": "ads2_m16_a1_1", "user_id": "Abhilash11Addanki", "score": {"sample": {"0": {"execution_time": 0.4287455081939697, "passed": false}, "1": {"execution_time": 0.4278838634490967, "passed": false}, "2": {"execution_time": 0.4145522117614746, "passed": false}, "3": {"execution_time": 0.5538632869720459, "passed": false}, "4": {"execution_time": 0.5061249732971191, "passed": false}, "5": {"execution_time": 0.5562818050384521, "passed": false}, "6": {"execution_time": 0.5095102787017822, "passed": false}, "7": {"execution_time": 0.5173439979553223, "passed": false}, "8": {"execution_time": 0.5604209899902344, "passed": false}, "9": {"execution_time": 0.4830946922302246, "passed": false}, "10": {"execution_time": 0.5229113101959229, "passed": false}, "11": {"execution_time": 0.2926757335662842, "passed": false}, "12": {"execution_time": 0.5780434608459473, "passed": false}, "13": {"execution_time": 0.2828395366668701, "passed": true}, "14": {"execution_time": 0.4874718189239502, "passed": false}, "15": {"execution_time": 0.6044774055480957, "passed": false}, "16": {"execution_time": 0.5228559970855713, "passed": false}, "17": {"execution_time": 0.38924217224121094, "passed": false}, "18": {"execution_time": 0.39111804962158203, "passed": false}, "19": {"execution_time": 0.45116329193115234, "passed": false}, "20": {"execution_time": 0.40679311752319336, "passed": false}, "21": {"execution_time": 0.4777376651763916, "passed": false}, "22": {"execution_time": 0.4373970031738281, "passed": false}, "23": {"execution_time": 0.5080599784851074, "passed": false}, "24": {"execution_time": 0.40021538734436035, "passed": true}, "25": {"execution_time": 0.5896081924438477, "passed": false}, "26": {"execution_time": 0.51324462890625, "passed": false}, "27": {"execution_time": 0.5205321311950684, "passed": false}, "28": {"execution_time": 0.816162109375, "passed": false}, "29": {"execution_time": 0.6064853668212891, "passed": false}}}, "check_style_score": "0/1"}