{"version": "1", "message": "ERROR: Hidden Testcases server unreachable.", "problem_id": "ads2_m16_a1_1", "user_id": "Abhilash11Addanki", "score": {"sample": {"0": {"execution_time": 0.4409151077270508, "passed": true}, "1": {"execution_time": 0.41699838638305664, "passed": true}, "2": {"execution_time": 0.787578821182251, "passed": true}, "3": {"execution_time": 0.751859188079834, "passed": true}, "4": {"execution_time": 0.7896790504455566, "passed": true}, "5": {"execution_time": 0.8462216854095459, "passed": true}, "6": {"execution_time": 0.6136987209320068, "passed": true}, "7": {"execution_time": 0.5599462985992432, "passed": true}, "8": {"execution_time": 0.5002179145812988, "passed": true}, "9": {"execution_time": 0.8182415962219238, "passed": true}, "10": {"execution_time": 0.8098564147949219, "passed": true}, "11": {"execution_time": 3.91398024559021, "passed": true}, "12": {"execution_time": 0.7654910087585449, "passed": true}, "13": {"execution_time": 0.5637674331665039, "passed": true}, "14": {"execution_time": 0.731818675994873, "passed": true}, "15": {"execution_time": 0.7530374526977539, "passed": true}, "16": {"execution_time": 0.3253192901611328, "passed": true}, "17": {"execution_time": 0.37955284118652344, "passed": true}, "18": {"execution_time": 0.3558781147003174, "passed": true}, "19": {"execution_time": 0.5479228496551514, "passed": true}, "20": {"execution_time": 0.46107959747314453, "passed": true}, "21": {"execution_time": 0.45703649520874023, "passed": true}, "22": {"execution_time": 0.5060455799102783, "passed": true}, "23": {"execution_time": 0.47144246101379395, "passed": true}, "24": {"execution_time": 0.4391026496887207, "passed": true}, "25": {"execution_time": 0.7645163536071777, "passed": true}, "26": {"execution_time": 0.6937222480773926, "passed": true}, "27": {"execution_time": 0.6865813732147217, "passed": true}, "28": {"execution_time": 1.1176798343658447, "passed": true}, "29": {"execution_time": 0.2590603828430176, "passed": true}}}, "check_style_score": "0/1"}