{"version": "1", "message": "ERROR: Hidden Testcases server unreachable.", "problem_id": "ads2_m16_a1_1", "user_id": "Abhilash11Addanki", "score": {"sample": {"0": {"execution_time": 0.6316907405853271, "passed": true}, "1": {"execution_time": 0.5447094440460205, "passed": true}, "2": {"execution_time": 1.48738431930542, "passed": true}, "3": {"execution_time": 1.5628294944763184, "passed": true}, "4": {"execution_time": 1.487912893295288, "passed": true}, "5": {"execution_time": 1.5387475490570068, "passed": true}, "6": {"execution_time": 1.509394645690918, "passed": true}, "7": {"execution_time": 1.4485225677490234, "passed": true}, "8": {"execution_time": 0.6174089908599854, "passed": true}, "9": {"execution_time": 1.4900059700012207, "passed": true}, "10": {"execution_time": 1.4949769973754883, "passed": true}, "11": {"execution_time": 3.9846367835998535, "passed": true}, "12": {"execution_time": 1.4890432357788086, "passed": true}, "13": {"execution_time": 0.3784162998199463, "passed": true}, "14": {"execution_time": 1.1267051696777344, "passed": true}, "15": {"execution_time": 1.4520323276519775, "passed": true}, "16": {"execution_time": 0.5715677738189697, "passed": true}, "17": {"execution_time": 0.5435435771942139, "passed": true}, "18": {"execution_time": 0.4981067180633545, "passed": true}, "19": {"execution_time": 0.6841869354248047, "passed": true}, "20": {"execution_time": 0.4043107032775879, "passed": true}, "21": {"execution_time": 0.3963637351989746, "passed": true}, "22": {"execution_time": 0.36846423149108887, "passed": true}, "23": {"execution_time": 0.36376118659973145, "passed": true}, "24": {"execution_time": 0.4936988353729248, "passed": true}, "25": {"execution_time": 1.2019083499908447, "passed": true}, "26": {"execution_time": 1.24446439743042, "passed": true}, "27": {"execution_time": 1.3559348583221436, "passed": true}, "28": {"execution_time": 2.2533786296844482, "passed": true}, "29": {"execution_time": 0.329603910446167, "passed": true}}}, "check_style_score": "0/1"}