{"version": "1", "message": "ERROR: Hidden Testcases server unreachable.", "problem_id": "ads2_m16_a1_1", "user_id": "Abhilash11Addanki", "score": {"sample": {"0": {"execution_time": 0.447833776473999, "passed": true}, "1": {"execution_time": 0.3672173023223877, "passed": true}, "2": {"execution_time": 0.6854610443115234, "passed": true}, "3": {"execution_time": 0.7397887706756592, "passed": true}, "4": {"execution_time": 0.6419651508331299, "passed": true}, "5": {"execution_time": 0.7030899524688721, "passed": true}, "6": {"execution_time": 0.8173801898956299, "passed": true}, "7": {"execution_time": 0.7454853057861328, "passed": true}, "8": {"execution_time": 0.515822172164917, "passed": true}, "9": {"execution_time": 0.6137199401855469, "passed": true}, "10": {"execution_time": 0.6814804077148438, "passed": true}, "11": {"execution_time": 4.033501863479614, "passed": true}, "12": {"execution_time": 0.6517939567565918, "passed": true}, "13": {"execution_time": 0.40224719047546387, "passed": true}, "14": {"execution_time": 0.6253511905670166, "passed": true}, "15": {"execution_time": 0.6942174434661865, "passed": true}, "16": {"execution_time": 0.3653380870819092, "passed": true}, "17": {"execution_time": 0.5486021041870117, "passed": true}, "18": {"execution_time": 0.5118980407714844, "passed": true}, "19": {"execution_time": 0.41556262969970703, "passed": true}, "20": {"execution_time": 0.46231508255004883, "passed": true}, "21": {"execution_time": 0.5068669319152832, "passed": true}, "22": {"execution_time": 0.4899303913116455, "passed": true}, "23": {"execution_time": 0.4947052001953125, "passed": true}, "24": {"execution_time": 0.47963476181030273, "passed": true}, "25": {"execution_time": 0.7866454124450684, "passed": true}, "26": {"execution_time": 1.033236026763916, "passed": true}, "27": {"execution_time": 0.7724149227142334, "passed": true}, "28": {"execution_time": 1.0654144287109375, "passed": true}, "29": {"execution_time": 0.19106006622314453, "passed": true}}}, "check_style_score": "0/1"}