{"version": "1", "message": "ERROR: Hidden Testcases server unreachable.", "problem_id": "ads2_m16_a1_1", "user_id": "Abhilash11Addanki", "score": {"sample": {"0": {"execution_time": 0.37246036529541016, "passed": true}, "1": {"execution_time": 0.44305896759033203, "passed": true}, "2": {"execution_time": 0.6272485256195068, "passed": true}, "3": {"execution_time": 0.732154130935669, "passed": true}, "4": {"execution_time": 0.6246562004089355, "passed": true}, "5": {"execution_time": 0.8133854866027832, "passed": true}, "6": {"execution_time": 0.8095500469207764, "passed": true}, "7": {"execution_time": 0.6955921649932861, "passed": true}, "8": {"execution_time": 0.37512898445129395, "passed": true}, "9": {"execution_time": 0.8115453720092773, "passed": true}, "10": {"execution_time": 0.761702299118042, "passed": true}, "11": {"execution_time": 4.096287965774536, "passed": true}, "12": {"execution_time": 0.6489794254302979, "passed": true}, "13": {"execution_time": 0.36994123458862305, "passed": true}, "14": {"execution_time": 0.7743873596191406, "passed": true}, "15": {"execution_time": 0.6268112659454346, "passed": true}, "16": {"execution_time": 0.4854607582092285, "passed": true}, "17": {"execution_time": 0.4077482223510742, "passed": true}, "18": {"execution_time": 0.3614022731781006, "passed": true}, "19": {"execution_time": 0.5513684749603271, "passed": true}, "20": {"execution_time": 0.5776498317718506, "passed": true}, "21": {"execution_time": 0.3122239112854004, "passed": true}, "22": {"execution_time": 0.47058534622192383, "passed": true}, "23": {"execution_time": 0.39386510848999023, "passed": true}, "24": {"execution_time": 0.32170748710632324, "passed": true}, "25": {"execution_time": 0.7131752967834473, "passed": true}, "26": {"execution_time": 0.7189009189605713, "passed": true}, "27": {"execution_time": 0.6017756462097168, "passed": true}, "28": {"execution_time": 1.1293208599090576, "passed": true}, "29": {"execution_time": 0.3486137390136719, "passed": true}}}, "check_style_score": "0/1"}