{"version": "1", "message": "ERROR: Hidden Testcases server unreachable.", "problem_id": "ads2_m16_a1_1", "user_id": "Abhilash11Addanki", "score": {"sample": {"0": {"execution_time": 0.3319125175476074, "passed": true}, "1": {"execution_time": 0.4142897129058838, "passed": true}, "2": {"execution_time": 0.6156752109527588, "passed": true}, "3": {"execution_time": 0.7079534530639648, "passed": true}, "4": {"execution_time": 0.714113712310791, "passed": true}, "5": {"execution_time": 0.6889028549194336, "passed": true}, "6": {"execution_time": 0.7681999206542969, "passed": true}, "7": {"execution_time": 0.7349872589111328, "passed": true}, "8": {"execution_time": 0.4963970184326172, "passed": true}, "9": {"execution_time": 0.703542947769165, "passed": true}, "10": {"execution_time": 0.7091214656829834, "passed": true}, "11": {"execution_time": 4.029378414154053, "passed": true}, "12": {"execution_time": 0.7044296264648438, "passed": true}, "13": {"execution_time": 0.5199284553527832, "passed": true}, "14": {"execution_time": 0.7504332065582275, "passed": true}, "15": {"execution_time": 0.8094403743743896, "passed": true}, "16": {"execution_time": 0.5459690093994141, "passed": true}, "17": {"execution_time": 0.432267427444458, "passed": true}, "18": {"execution_time": 0.3929321765899658, "passed": true}, "19": {"execution_time": 0.3161625862121582, "passed": true}, "20": {"execution_time": 0.5080587863922119, "passed": true}, "21": {"execution_time": 0.47997617721557617, "passed": true}, "22": {"execution_time": 0.46590614318847656, "passed": true}, "23": {"execution_time": 0.4274790287017822, "passed": true}, "24": {"execution_time": 0.41377711296081543, "passed": true}, "25": {"execution_time": 0.6082925796508789, "passed": true}, "26": {"execution_time": 0.6483798027038574, "passed": true}, "27": {"execution_time": 0.7493941783905029, "passed": true}, "28": {"execution_time": 0.9442124366760254, "passed": true}, "29": {"execution_time": 0.37946271896362305, "passed": true}}}, "check_style_score": "0/1"}