{"version": "1", "message": "ERROR: Hidden Testcases server unreachable.", "problem_id": "ads2_m16_a1_1", "user_id": "Abhilash11Addanki", "score": {"sample": {"0": {"execution_time": 0.3340597152709961, "passed": false}, "1": {"execution_time": 0.3718249797821045, "passed": false}, "2": {"execution_time": 0.5945720672607422, "passed": false}, "3": {"execution_time": 0.6262004375457764, "passed": false}, "4": {"execution_time": 0.5354104042053223, "passed": false}, "5": {"execution_time": 0.48061275482177734, "passed": false}, "6": {"execution_time": 0.5709846019744873, "passed": false}, "7": {"execution_time": 0.6253421306610107, "passed": false}, "8": {"execution_time": 0.38530635833740234, "passed": false}, "9": {"execution_time": 0.4720118045806885, "passed": false}, "10": {"execution_time": 0.42297935485839844, "passed": false}, "11": {"execution_time": 0.2308788299560547, "passed": false}, "12": {"execution_time": 0.6061182022094727, "passed": false}, "13": {"execution_time": 0.42089104652404785, "passed": true}, "14": {"execution_time": 0.4947700500488281, "passed": false}, "15": {"execution_time": 0.5310685634613037, "passed": false}, "16": {"execution_time": 0.3810446262359619, "passed": false}, "17": {"execution_time": 0.3552684783935547, "passed": false}, "18": {"execution_time": 0.3630385398864746, "passed": false}, "19": {"execution_time": 0.2942206859588623, "passed": false}, "20": {"execution_time": 0.48003458976745605, "passed": false}, "21": {"execution_time": 0.3686709403991699, "passed": false}, "22": {"execution_time": 0.41105008125305176, "passed": false}, "23": {"execution_time": 0.39756011962890625, "passed": false}, "24": {"execution_time": 0.3414449691772461, "passed": true}, "25": {"execution_time": 0.5419092178344727, "passed": false}, "26": {"execution_time": 0.43345069885253906, "passed": false}, "27": {"execution_time": 0.3958852291107178, "passed": false}, "28": {"execution_time": 0.6671881675720215, "passed": false}, "29": {"execution_time": 0.429656982421875, "passed": false}}}, "check_style_score": "0/1"}