{"version": "1", "message": "ERROR: Hidden Testcases server unreachable.", "problem_id": "ads2_m16_a1_1", "user_id": "Abhilash11Addanki", "score": {"sample": {"0": {"execution_time": 0.3961503505706787, "passed": false}, "1": {"execution_time": 0.5131423473358154, "passed": false}, "2": {"execution_time": 0.3958876132965088, "passed": false}, "3": {"execution_time": 0.46969079971313477, "passed": false}, "4": {"execution_time": 0.5466322898864746, "passed": false}, "5": {"execution_time": 0.47527122497558594, "passed": false}, "6": {"execution_time": 0.5276668071746826, "passed": false}, "7": {"execution_time": 0.5409753322601318, "passed": false}, "8": {"execution_time": 0.5132608413696289, "passed": false}, "9": {"execution_time": 0.5409278869628906, "passed": false}, "10": {"execution_time": 0.5977938175201416, "passed": false}, "11": {"execution_time": 0.368206262588501, "passed": false}, "12": {"execution_time": 0.5060803890228271, "passed": false}, "13": {"execution_time": 0.37766242027282715, "passed": true}, "14": {"execution_time": 0.5143043994903564, "passed": false}, "15": {"execution_time": 0.5054852962493896, "passed": false}, "16": {"execution_time": 0.4082465171813965, "passed": false}, "17": {"execution_time": 0.5394372940063477, "passed": false}, "18": {"execution_time": 0.3775522708892822, "passed": false}, "19": {"execution_time": 0.517401933670044, "passed": false}, "20": {"execution_time": 0.44753026962280273, "passed": false}, "21": {"execution_time": 0.39789652824401855, "passed": false}, "22": {"execution_time": 0.3370838165283203, "passed": false}, "23": {"execution_time": 0.5056908130645752, "passed": false}, "24": {"execution_time": 0.3201029300689697, "passed": true}, "25": {"execution_time": 0.5376040935516357, "passed": false}, "26": {"execution_time": 0.5431394577026367, "passed": false}, "27": {"execution_time": 0.553520679473877, "passed": false}, "28": {"execution_time": 0.6197226047515869, "passed": false}, "29": {"execution_time": 0.3493046760559082, "passed": true}}}, "check_style_score": "0/1"}