{"version": "1", "message": "ERROR: Hidden Testcases server unreachable.", "problem_id": "ads2_m16_a1_1", "user_id": "Abhilash11Addanki", "score": {"sample": {"0": {"execution_time": 0.4425995349884033, "passed": true}, "1": {"execution_time": 0.4008471965789795, "passed": true}, "2": {"execution_time": 0.6311404705047607, "passed": true}, "3": {"execution_time": 0.7299532890319824, "passed": true}, "4": {"execution_time": 0.7023804187774658, "passed": true}, "5": {"execution_time": 0.71258544921875, "passed": true}, "6": {"execution_time": 0.679147481918335, "passed": true}, "7": {"execution_time": 0.7221860885620117, "passed": true}, "8": {"execution_time": 0.42603158950805664, "passed": true}, "9": {"execution_time": 0.7520432472229004, "passed": true}, "10": {"execution_time": 0.5979180335998535, "passed": true}, "11": {"execution_time": 3.968733072280884, "passed": true}, "12": {"execution_time": 0.6580586433410645, "passed": true}, "13": {"execution_time": 0.42389345169067383, "passed": true}, "14": {"execution_time": 0.6619031429290771, "passed": true}, "15": {"execution_time": 0.6129508018493652, "passed": true}, "16": {"execution_time": 0.33666467666625977, "passed": true}, "17": {"execution_time": 0.49530839920043945, "passed": true}, "18": {"execution_time": 0.3044121265411377, "passed": true}, "19": {"execution_time": 0.4453446865081787, "passed": true}, "20": {"execution_time": 0.5330076217651367, "passed": true}, "21": {"execution_time": 0.4997987747192383, "passed": true}, "22": {"execution_time": 0.40157389640808105, "passed": true}, "23": {"execution_time": 0.41108274459838867, "passed": true}, "24": {"execution_time": 0.3864772319793701, "passed": true}, "25": {"execution_time": 0.6923403739929199, "passed": true}, "26": {"execution_time": 0.6735429763793945, "passed": true}, "27": {"execution_time": 0.722670316696167, "passed": true}, "28": {"execution_time": 1.0252950191497803, "passed": true}, "29": {"execution_time": 0.2133958339691162, "passed": true}}}, "check_style_score": "0/1"}