{"version": "1", "message": "ERROR: Hidden Testcases server unreachable.", "problem_id": "ads2_m16_a1_1", "user_id": "Abhilash11Addanki", "score": {"sample": {"0": {"execution_time": 0.26348185539245605, "passed": false}, "1": {"execution_time": 0.4185619354248047, "passed": false}, "2": {"execution_time": 0.5605154037475586, "passed": false}, "3": {"execution_time": 0.49652743339538574, "passed": false}, "4": {"execution_time": 0.6129140853881836, "passed": false}, "5": {"execution_time": 0.3918569087982178, "passed": false}, "6": {"execution_time": 0.5303709506988525, "passed": false}, "7": {"execution_time": 0.5978255271911621, "passed": false}, "8": {"execution_time": 0.47598862648010254, "passed": false}, "9": {"execution_time": 0.5156447887420654, "passed": false}, "10": {"execution_time": 0.434093713760376, "passed": false}, "11": {"execution_time": 0.2299504280090332, "passed": false}, "12": {"execution_time": 0.6251904964447021, "passed": false}, "13": {"execution_time": 0.3845250606536865, "passed": true}, "14": {"execution_time": 0.4900848865509033, "passed": false}, "15": {"execution_time": 0.6246633529663086, "passed": false}, "16": {"execution_time": 0.3964240550994873, "passed": false}, "17": {"execution_time": 0.38010525703430176, "passed": false}, "18": {"execution_time": 0.3877737522125244, "passed": false}, "19": {"execution_time": 0.276721715927124, "passed": false}, "20": {"execution_time": 0.32466936111450195, "passed": false}, "21": {"execution_time": 0.4041292667388916, "passed": false}, "22": {"execution_time": 0.328399658203125, "passed": false}, "23": {"execution_time": 0.426206111907959, "passed": false}, "24": {"execution_time": 0.4617440700531006, "passed": true}, "25": {"execution_time": 0.49974989891052246, "passed": false}, "26": {"execution_time": 0.5170783996582031, "passed": false}, "27": {"execution_time": 0.6144530773162842, "passed": false}, "28": {"execution_time": 0.6767120361328125, "passed": false}, "29": {"execution_time": 0.4272496700286865, "passed": false}}}, "check_style_score": "0/1"}