{"version": "1", "message": "ERROR: Hidden Testcases server unreachable.", "problem_id": "ads2_m16_a1_1", "user_id": "Abhilash11Addanki", "score": {"sample": {"0": {"execution_time": 0.4151933193206787, "passed": true}, "1": {"execution_time": 0.5160143375396729, "passed": true}, "2": {"execution_time": 1.493795394897461, "passed": true}, "3": {"execution_time": 1.578305721282959, "passed": true}, "4": {"execution_time": 1.500657558441162, "passed": true}, "5": {"execution_time": 1.1660287380218506, "passed": true}, "6": {"execution_time": 1.508157730102539, "passed": true}, "7": {"execution_time": 1.4515411853790283, "passed": true}, "8": {"execution_time": 0.5704600811004639, "passed": true}, "9": {"execution_time": 1.055203914642334, "passed": true}, "10": {"execution_time": 1.1222329139709473, "passed": true}, "11": {"execution_time": 3.9220633506774902, "passed": true}, "12": {"execution_time": 1.4791133403778076, "passed": true}, "13": {"execution_time": 0.4053988456726074, "passed": true}, "14": {"execution_time": 1.0127017498016357, "passed": true}, "15": {"execution_time": 1.4939298629760742, "passed": true}, "16": {"execution_time": 0.39382195472717285, "passed": true}, "17": {"execution_time": 0.5077998638153076, "passed": true}, "18": {"execution_time": 0.5095212459564209, "passed": true}, "19": {"execution_time": 0.47573423385620117, "passed": true}, "20": {"execution_time": 0.5141942501068115, "passed": true}, "21": {"execution_time": 0.442249059677124, "passed": true}, "22": {"execution_time": 0.5874876976013184, "passed": true}, "23": {"execution_time": 0.5475449562072754, "passed": true}, "24": {"execution_time": 0.348142147064209, "passed": true}, "25": {"execution_time": 1.060713529586792, "passed": true}, "26": {"execution_time": 1.0499329566955566, "passed": true}, "27": {"execution_time": 1.4653875827789307, "passed": true}, "28": {"execution_time": 2.025899887084961, "passed": true}, "29": {"execution_time": 0.3330199718475342, "passed": true}}}, "check_style_score": "0/1"}