{"version": "1", "message": "ERROR: Hidden Testcases server unreachable.", "problem_id": "ads2_m16_a1_1", "user_id": "Abhilash11Addanki", "score": {"sample": {"0": {"execution_time": 0.45856237411499023, "passed": false}, "1": {"execution_time": 0.3228616714477539, "passed": false}, "2": {"execution_time": 0.545159101486206, "passed": false}, "3": {"execution_time": 0.5806858539581299, "passed": false}, "4": {"execution_time": 0.5612339973449707, "passed": false}, "5": {"execution_time": 0.4640846252441406, "passed": false}, "6": {"execution_time": 0.49742650985717773, "passed": false}, "7": {"execution_time": 0.5219566822052002, "passed": false}, "8": {"execution_time": 0.4313936233520508, "passed": false}, "9": {"execution_time": 0.42310380935668945, "passed": false}, "10": {"execution_time": 0.6118013858795166, "passed": false}, "11": {"execution_time": 0.2236957550048828, "passed": false}, "12": {"execution_time": 0.4630887508392334, "passed": false}, "13": {"execution_time": 0.36147117614746094, "passed": true}, "14": {"execution_time": 0.6004760265350342, "passed": false}, "15": {"execution_time": 0.5823080539703369, "passed": false}, "16": {"execution_time": 0.3844306468963623, "passed": false}, "17": {"execution_time": 0.48085618019104004, "passed": false}, "18": {"execution_time": 0.41347527503967285, "passed": false}, "19": {"execution_time": 0.4367530345916748, "passed": false}, "20": {"execution_time": 0.3192751407623291, "passed": false}, "21": {"execution_time": 0.26493239402770996, "passed": false}, "22": {"execution_time": 0.4338860511779785, "passed": false}, "23": {"execution_time": 0.4577195644378662, "passed": false}, "24": {"execution_time": 0.4093303680419922, "passed": true}, "25": {"execution_time": 0.4607555866241455, "passed": false}, "26": {"execution_time": 0.581418514251709, "passed": false}, "27": {"execution_time": 0.5441982746124268, "passed": false}, "28": {"execution_time": 0.6404480934143066, "passed": false}, "29": {"execution_time": 0.4955129623413086, "passed": false}}}, "check_style_score": "0/1"}