{"version": "1", "message": "ERROR: Hidden Testcases server unreachable.", "problem_id": "ads2_m16_a1_1", "user_id": "Abhilash11Addanki", "score": {"sample": {"0": {"execution_time": 0.28729987144470215, "passed": true}, "1": {"execution_time": 0.35086846351623535, "passed": true}, "2": {"execution_time": 0.6916353702545166, "passed": true}, "3": {"execution_time": 0.679680585861206, "passed": true}, "4": {"execution_time": 0.7404384613037109, "passed": true}, "5": {"execution_time": 0.6505794525146484, "passed": true}, "6": {"execution_time": 0.7170045375823975, "passed": true}, "7": {"execution_time": 0.736229658126831, "passed": true}, "8": {"execution_time": 0.5700433254241943, "passed": true}, "9": {"execution_time": 0.5671901702880859, "passed": true}, "10": {"execution_time": 0.715423583984375, "passed": true}, "11": {"execution_time": 4.054008483886719, "passed": true}, "12": {"execution_time": 0.7492344379425049, "passed": true}, "13": {"execution_time": 0.49802470207214355, "passed": true}, "14": {"execution_time": 0.7328596115112305, "passed": true}, "15": {"execution_time": 0.7322402000427246, "passed": true}, "16": {"execution_time": 0.3215601444244385, "passed": true}, "17": {"execution_time": 0.3252451419830322, "passed": true}, "18": {"execution_time": 0.45829224586486816, "passed": true}, "19": {"execution_time": 0.4840085506439209, "passed": true}, "20": {"execution_time": 0.5468449592590332, "passed": true}, "21": {"execution_time": 0.31770968437194824, "passed": true}, "22": {"execution_time": 0.507256269454956, "passed": true}, "23": {"execution_time": 0.5352840423583984, "passed": true}, "24": {"execution_time": 0.3842508792877197, "passed": true}, "25": {"execution_time": 0.6660819053649902, "passed": true}, "26": {"execution_time": 0.6710426807403564, "passed": true}, "27": {"execution_time": 0.6938555240631104, "passed": true}, "28": {"execution_time": 0.9052920341491699, "passed": true}, "29": {"execution_time": 0.22931170463562012, "passed": true}}}, "check_style_score": "0/1"}