{"version": "1", "message": "ERROR: Hidden Testcases server unreachable.", "problem_id": "ads2_m4_a1_1", "user_id": "Abhilash11Addanki", "score": {"sample": {"0": {"execution_time": 0.44942188262939453, "passed": true}, "1": {"execution_time": 0.33444690704345703, "passed": true}, "2": {"execution_time": 0.4198579788208008, "passed": true}, "3": {"execution_time": 0.4688293933868408, "passed": true}, "4": {"execution_time": 0.2610030174255371, "passed": true}, "5": {"execution_time": 0.39725279808044434, "passed": true}, "6": {"execution_time": 0.22719740867614746, "passed": true}, "7": {"execution_time": 0.42320895195007324, "passed": true}, "8": {"execution_time": 0.3638570308685303, "passed": true}, "9": {"execution_time": 0.3205223083496094, "passed": true}, "10": {"execution_time": 0.28715991973876953, "passed": true}, "11": {"execution_time": 0.3861196041107178, "passed": true}, "12": {"execution_time": 0.32251906394958496, "passed": true}, "13": {"execution_time": 0.9887659549713135, "passed": true}, "14": {"execution_time": 0.3032655715942383, "passed": true}}}, "check_style_score": "0/1"}