{"version": "1", "message": "ERROR: Hidden Testcases server unreachable.", "problem_id": "ads2_m4_a1_1", "user_id": "Abhilash11Addanki", "score": {"sample": {"0": {"execution_time": 0.2431952953338623, "passed": true}, "1": {"execution_time": 0.2481224536895752, "passed": false}, "2": {"execution_time": 0.28849005699157715, "passed": false}, "3": {"execution_time": 0.31554484367370605, "passed": false}, "4": {"execution_time": 0.23642969131469727, "passed": false}, "5": {"execution_time": 0.2300882339477539, "passed": false}, "6": {"execution_time": 0.23157405853271484, "passed": false}, "7": {"execution_time": 0.2323625087738037, "passed": false}, "8": {"execution_time": 0.24442815780639648, "passed": false}, "9": {"execution_time": 0.23681902885437012, "passed": false}, "10": {"execution_time": 0.26588916778564453, "passed": false}, "11": {"execution_time": 0.2328014373779297, "passed": false}, "12": {"execution_time": 0.2451314926147461, "passed": false}, "13": {"execution_time": 1.0611896514892578, "passed": false}, "14": {"execution_time": 0.22949790954589844, "passed": false}}}, "check_style_score": "0/1"}