{"version": "1", "message": "ERROR: Hidden Testcases server unreachable.", "problem_id": "ads2_m4_a1_1", "user_id": "Abhilash11Addanki", "score": {"sample": {"0": {"execution_time": 0.18793845176696777, "passed": false}, "1": {"execution_time": 0.20528507232666016, "passed": false}, "2": {"execution_time": 0.19458508491516113, "passed": false}, "3": {"execution_time": 0.19967961311340332, "passed": false}, "4": {"execution_time": 0.2154397964477539, "passed": false}, "5": {"execution_time": 0.20424652099609375, "passed": false}, "6": {"execution_time": 0.1962718963623047, "passed": false}, "7": {"execution_time": 0.20793366432189941, "passed": false}, "8": {"execution_time": 0.18990063667297363, "passed": false}, "9": {"execution_time": 0.19439363479614258, "passed": false}, "10": {"execution_time": 0.18906426429748535, "passed": false}, "11": {"execution_time": 0.1978895664215088, "passed": false}, "12": {"execution_time": 0.2008044719696045, "passed": false}, "13": {"execution_time": 0.19330215454101562, "passed": false}, "14": {"execution_time": 0.18982267379760742, "passed": false}}}, "check_style_score": "0/1"}