{"version": "1", "message": "ERROR: Hidden Testcases server unreachable.", "problem_id": "ads2_m4_a1_1", "user_id": "Abhilash11Addanki", "score": {"sample": {"0": {"execution_time": 0.22439312934875488, "passed": true}, "1": {"execution_time": 0.2842841148376465, "passed": true}, "2": {"execution_time": 0.26981234550476074, "passed": true}, "3": {"execution_time": 0.43199872970581055, "passed": true}, "4": {"execution_time": 0.3537132740020752, "passed": true}, "5": {"execution_time": 0.32743072509765625, "passed": true}, "6": {"execution_time": 0.3829610347747803, "passed": true}, "7": {"execution_time": 0.33464884757995605, "passed": true}, "8": {"execution_time": 0.3551974296569824, "passed": true}, "9": {"execution_time": 0.33673715591430664, "passed": true}, "10": {"execution_time": 0.32848668098449707, "passed": true}, "11": {"execution_time": 0.3185431957244873, "passed": true}, "12": {"execution_time": 0.3383917808532715, "passed": true}, "13": {"execution_time": 1.4072372913360596, "passed": true}, "14": {"execution_time": 0.2078409194946289, "passed": true}}}, "check_style_score": "1/1"}