{"version": "1", "message": "ERROR: Hidden Testcases server unreachable.", "problem_id": "ads2_m4_a1_1", "user_id": "Abhilash11Addanki", "score": {"sample": {"0": {"execution_time": 0.27573633193969727, "passed": true}, "1": {"execution_time": 0.38276100158691406, "passed": true}, "2": {"execution_time": 0.3906538486480713, "passed": true}, "3": {"execution_time": 0.47827768325805664, "passed": true}, "4": {"execution_time": 0.2998545169830322, "passed": true}, "5": {"execution_time": 0.4030277729034424, "passed": true}, "6": {"execution_time": 0.3333144187927246, "passed": true}, "7": {"execution_time": 0.36438417434692383, "passed": true}, "8": {"execution_time": 0.24109101295471191, "passed": true}, "9": {"execution_time": 0.21493816375732422, "passed": true}, "10": {"execution_time": 0.2506415843963623, "passed": true}, "11": {"execution_time": 0.24437499046325684, "passed": true}, "12": {"execution_time": 0.22040867805480957, "passed": true}, "13": {"execution_time": 1.2631869316101074, "passed": true}, "14": {"execution_time": 0.29308557510375977, "passed": true}}}, "check_style_score": "1/1"}