{"version": "1", "message": "ERROR: Hidden Testcases server unreachable.", "problem_id": "ads2_m4_a1_1", "user_id": "Abhilash11Addanki", "score": {"sample": {"0": {"execution_time": 0.4168984889984131, "passed": true}, "1": {"execution_time": 0.36191534996032715, "passed": true}, "2": {"execution_time": 0.3199284076690674, "passed": true}, "3": {"execution_time": 0.36484789848327637, "passed": true}, "4": {"execution_time": 0.2553114891052246, "passed": true}, "5": {"execution_time": 0.2996242046356201, "passed": true}, "6": {"execution_time": 0.24564170837402344, "passed": true}, "7": {"execution_time": 0.2257249355316162, "passed": true}, "8": {"execution_time": 0.23117399215698242, "passed": true}, "9": {"execution_time": 0.23335528373718262, "passed": true}, "10": {"execution_time": 0.2178494930267334, "passed": true}, "11": {"execution_time": 0.2049260139465332, "passed": true}, "12": {"execution_time": 0.21050572395324707, "passed": true}, "13": {"execution_time": 1.1272785663604736, "passed": true}, "14": {"execution_time": 0.26384735107421875, "passed": true}}}, "check_style_score": "1/1"}