{"version": "1", "message": "ERROR: Hidden Testcases server unreachable.", "problem_id": "ads2_m4_a1_1", "user_id": "Abhilash11Addanki", "score": {"sample": {"0": {"execution_time": 0.3713388442993164, "passed": true}, "1": {"execution_time": 0.4248621463775635, "passed": false}, "2": {"execution_time": 0.4654505252838135, "passed": false}, "3": {"execution_time": 0.3436746597290039, "passed": false}, "4": {"execution_time": 0.37053942680358887, "passed": true}, "5": {"execution_time": 0.37049245834350586, "passed": false}, "6": {"execution_time": 0.244781494140625, "passed": false}, "7": {"execution_time": 0.3738410472869873, "passed": false}, "8": {"execution_time": 0.41086697578430176, "passed": true}, "9": {"execution_time": 0.22540593147277832, "passed": true}, "10": {"execution_time": 0.4473087787628174, "passed": true}, "11": {"execution_time": 0.2828819751739502, "passed": true}, "12": {"execution_time": 0.25336599349975586, "passed": true}, "13": {"execution_time": 0.8545858860015869, "passed": false}, "14": {"execution_time": 0.41722726821899414, "passed": true}}}, "check_style_score": "0/1"}