{"version": "1", "message": "ERROR: Hidden Testcases server unreachable.", "problem_id": "ads2_m4_a1_1", "user_id": "Abhilash11Addanki", "score": {"sample": {"0": {"execution_time": 0.2593061923980713, "passed": true}, "1": {"execution_time": 0.22539663314819336, "passed": false}, "2": {"execution_time": 0.24734091758728027, "passed": false}, "3": {"execution_time": 0.24733853340148926, "passed": false}, "4": {"execution_time": 0.20780634880065918, "passed": false}, "5": {"execution_time": 0.20644688606262207, "passed": false}, "6": {"execution_time": 0.19084858894348145, "passed": false}, "7": {"execution_time": 0.19322538375854492, "passed": false}, "8": {"execution_time": 0.23149681091308594, "passed": false}, "9": {"execution_time": 0.1916062831878662, "passed": true}, "10": {"execution_time": 0.19551944732666016, "passed": true}, "11": {"execution_time": 0.20112395286560059, "passed": true}, "12": {"execution_time": 0.1991264820098877, "passed": true}, "13": {"execution_time": 0.6227891445159912, "passed": false}, "14": {"execution_time": 0.20711898803710938, "passed": true}}}, "check_style_score": "0/1"}