{"version": "1", "message": "ERROR: Hidden Testcases server unreachable.", "problem_id": "ads2_m4_a1_1", "user_id": "Abhilash11Addanki", "score": {"sample": {"0": {"execution_time": 0.24120187759399414, "passed": true}, "1": {"execution_time": 0.22301506996154785, "passed": false}, "2": {"execution_time": 0.2274169921875, "passed": false}, "3": {"execution_time": 0.23677849769592285, "passed": false}, "4": {"execution_time": 0.200272798538208, "passed": false}, "5": {"execution_time": 0.21317720413208008, "passed": false}, "6": {"execution_time": 0.19856619834899902, "passed": false}, "7": {"execution_time": 0.2014477252960205, "passed": false}, "8": {"execution_time": 0.23460817337036133, "passed": true}, "9": {"execution_time": 0.2047257423400879, "passed": true}, "10": {"execution_time": 0.19464898109436035, "passed": true}, "11": {"execution_time": 0.1938471794128418, "passed": true}, "12": {"execution_time": 0.2108602523803711, "passed": true}, "13": {"execution_time": 0.6211092472076416, "passed": false}, "14": {"execution_time": 0.20757293701171875, "passed": true}}}, "check_style_score": "0/1"}