{"version": "1", "message": "ERROR: Hidden Testcases server unreachable.", "problem_id": "ads2_m4_a1_1", "user_id": "Abhilash11Addanki", "score": {"sample": {"0": {"execution_time": 0.24929118156433105, "passed": true}, "1": {"execution_time": 0.22264981269836426, "passed": false}, "2": {"execution_time": 0.2298591136932373, "passed": false}, "3": {"execution_time": 0.24538874626159668, "passed": false}, "4": {"execution_time": 0.2020432949066162, "passed": false}, "5": {"execution_time": 0.20151352882385254, "passed": false}, "6": {"execution_time": 0.1928706169128418, "passed": false}, "7": {"execution_time": 0.19142484664916992, "passed": false}, "8": {"execution_time": 0.19814753532409668, "passed": false}, "9": {"execution_time": 0.19918298721313477, "passed": false}, "10": {"execution_time": 0.20313572883605957, "passed": true}, "11": {"execution_time": 0.19322967529296875, "passed": true}, "12": {"execution_time": 0.19614171981811523, "passed": true}, "13": {"execution_time": 0.6232626438140869, "passed": false}, "14": {"execution_time": 0.2123875617980957, "passed": true}}}, "check_style_score": "0/1"}