{"version": "1", "message": "ERROR: Hidden Testcases server unreachable.", "problem_id": "ads2_m4_a1_1", "user_id": "Abhilash11Addanki", "score": {"sample": {"0": {"execution_time": 0.2843647003173828, "passed": true}, "1": {"execution_time": 0.24754619598388672, "passed": false}, "2": {"execution_time": 0.44513988494873047, "passed": false}, "3": {"execution_time": 0.3610975742340088, "passed": false}, "4": {"execution_time": 0.3870503902435303, "passed": true}, "5": {"execution_time": 0.460827112197876, "passed": false}, "6": {"execution_time": 0.2609267234802246, "passed": false}, "7": {"execution_time": 0.2827455997467041, "passed": false}, "8": {"execution_time": 0.45792531967163086, "passed": true}, "9": {"execution_time": 0.359041690826416, "passed": true}, "10": {"execution_time": 0.22073626518249512, "passed": true}, "11": {"execution_time": 0.22559094429016113, "passed": true}, "12": {"execution_time": 0.2109079360961914, "passed": true}, "13": {"execution_time": 0.9577267169952393, "passed": false}, "14": {"execution_time": 0.3295581340789795, "passed": true}}}, "check_style_score": "0/1"}