{"version": "1", "message": "ERROR: Hidden Testcases server unreachable.", "problem_id": "ads2_m4_a1_1", "user_id": "Abhilash11Addanki", "score": {"sample": {"0": {"execution_time": 0.2408297061920166, "passed": false}, "1": {"execution_time": 0.22344398498535156, "passed": false}, "2": {"execution_time": 0.2987704277038574, "passed": false}, "3": {"execution_time": 0.29374194145202637, "passed": false}, "4": {"execution_time": 0.23241400718688965, "passed": false}, "5": {"execution_time": 0.2244246006011963, "passed": false}, "6": {"execution_time": 0.21344852447509766, "passed": false}, "7": {"execution_time": 0.2052292823791504, "passed": false}, "8": {"execution_time": 0.209794282913208, "passed": false}, "9": {"execution_time": 0.22398066520690918, "passed": false}, "10": {"execution_time": 0.21229290962219238, "passed": false}, "11": {"execution_time": 0.21072125434875488, "passed": false}, "12": {"execution_time": 0.21074295043945312, "passed": false}, "13": {"execution_time": 1.1213514804840088, "passed": false}, "14": {"execution_time": 0.2037644386291504, "passed": false}}}, "check_style_score": "0/1"}