{"version": "1", "message": "ERROR: Hidden Testcases server unreachable.", "problem_id": "ads2_m4_a1_1", "user_id": "Abhilash11Addanki", "score": {"sample": {"0": {"execution_time": 0.25128865242004395, "passed": true}, "1": {"execution_time": 0.2318120002746582, "passed": true}, "2": {"execution_time": 0.2423553466796875, "passed": true}, "3": {"execution_time": 0.27899765968322754, "passed": true}, "4": {"execution_time": 0.21451568603515625, "passed": true}, "5": {"execution_time": 0.21534109115600586, "passed": true}, "6": {"execution_time": 0.2071239948272705, "passed": true}, "7": {"execution_time": 0.2234938144683838, "passed": true}, "8": {"execution_time": 0.23229146003723145, "passed": true}, "9": {"execution_time": 0.20910048484802246, "passed": true}, "10": {"execution_time": 0.19997906684875488, "passed": true}, "11": {"execution_time": 0.20031046867370605, "passed": true}, "12": {"execution_time": 0.20444846153259277, "passed": true}, "13": {"execution_time": 1.0333757400512695, "passed": true}, "14": {"execution_time": 0.33385777473449707, "passed": true}}}, "check_style_score": "0/1"}