{"version": "1", "message": "ERROR: Hidden Testcases server unreachable.", "problem_id": "ads2_m4_a1_1", "user_id": "Abhilash11Addanki", "score": {"sample": {"0": {"execution_time": 0.2713162899017334, "passed": true}, "1": {"execution_time": 0.47341346740722656, "passed": false}, "2": {"execution_time": 0.380368709564209, "passed": false}, "3": {"execution_time": 0.3322618007659912, "passed": false}, "4": {"execution_time": 0.40930938720703125, "passed": false}, "5": {"execution_time": 0.3626279830932617, "passed": false}, "6": {"execution_time": 0.38330936431884766, "passed": false}, "7": {"execution_time": 0.36200594902038574, "passed": false}, "8": {"execution_time": 0.3402986526489258, "passed": true}, "9": {"execution_time": 0.46379756927490234, "passed": true}, "10": {"execution_time": 0.39575910568237305, "passed": true}, "11": {"execution_time": 0.341977596282959, "passed": true}, "12": {"execution_time": 0.29262828826904297, "passed": true}, "13": {"execution_time": 0.7685093879699707, "passed": false}, "14": {"execution_time": 0.21901297569274902, "passed": true}}}, "check_style_score": "0/1"}