{"version": "1", "message": "ERROR: Hidden Testcases server unreachable.", "problem_id": "ads2_m4_a1_1", "user_id": "Abhilash11Addanki", "score": {"sample": {"0": {"execution_time": 0.406280517578125, "passed": true}, "1": {"execution_time": 0.4743337631225586, "passed": true}, "2": {"execution_time": 0.4895966053009033, "passed": true}, "3": {"execution_time": 0.36197781562805176, "passed": true}, "4": {"execution_time": 0.4117920398712158, "passed": true}, "5": {"execution_time": 0.2249617576599121, "passed": true}, "6": {"execution_time": 0.31776928901672363, "passed": true}, "7": {"execution_time": 0.3393731117248535, "passed": true}, "8": {"execution_time": 0.3104555606842041, "passed": true}, "9": {"execution_time": 0.3656771183013916, "passed": true}, "10": {"execution_time": 0.27002692222595215, "passed": true}, "11": {"execution_time": 0.3364901542663574, "passed": true}, "12": {"execution_time": 0.3084893226623535, "passed": true}, "13": {"execution_time": 1.1047344207763672, "passed": true}, "14": {"execution_time": 0.31589198112487793, "passed": true}}}, "check_style_score": "0/1"}