{"version": "1", "message": "ERROR: Hidden Testcases server unreachable.", "problem_id": "ads2_m4_a1_1", "user_id": "Abhilash11Addanki", "score": {"sample": {"0": {"execution_time": 0.26343464851379395, "passed": true}, "1": {"execution_time": 0.22082757949829102, "passed": false}, "2": {"execution_time": 0.22954916954040527, "passed": false}, "3": {"execution_time": 0.2374403476715088, "passed": false}, "4": {"execution_time": 0.19827795028686523, "passed": false}, "5": {"execution_time": 0.19315862655639648, "passed": false}, "6": {"execution_time": 0.21426939964294434, "passed": false}, "7": {"execution_time": 0.1942908763885498, "passed": false}, "8": {"execution_time": 0.24130797386169434, "passed": false}, "9": {"execution_time": 0.22725844383239746, "passed": false}, "10": {"execution_time": 0.23265838623046875, "passed": false}, "11": {"execution_time": 0.199873685836792, "passed": false}, "12": {"execution_time": 0.2000279426574707, "passed": false}, "13": {"execution_time": 0.6483473777770996, "passed": false}, "14": {"execution_time": 0.2377333641052246, "passed": false}}}, "check_style_score": "0/1"}