{"version": "1", "message": "ERROR: Hidden Testcases server unreachable.", "problem_id": "ads2_m4_a1_1", "user_id": "Abhilash11Addanki", "score": {"sample": {"0": {"execution_time": 0.23398041725158691, "passed": false}, "1": {"execution_time": 0.20481634140014648, "passed": false}, "2": {"execution_time": 0.19937491416931152, "passed": false}, "3": {"execution_time": 0.20075201988220215, "passed": false}, "4": {"execution_time": 0.19893670082092285, "passed": false}, "5": {"execution_time": 0.19162654876708984, "passed": false}, "6": {"execution_time": 0.19110321998596191, "passed": false}, "7": {"execution_time": 0.20141148567199707, "passed": false}, "8": {"execution_time": 0.2005150318145752, "passed": false}, "9": {"execution_time": 0.19512414932250977, "passed": false}, "10": {"execution_time": 0.1864023208618164, "passed": false}, "11": {"execution_time": 0.20050859451293945, "passed": false}, "12": {"execution_time": 0.19147014617919922, "passed": false}, "13": {"execution_time": 0.19692778587341309, "passed": false}, "14": {"execution_time": 0.1889510154724121, "passed": false}}}, "check_style_score": "0/1"}