{"version": "1", "message": "ERROR: Hidden Testcases server unreachable.", "problem_id": "ads2_m4_a1_1", "user_id": "Abhilash11Addanki", "score": {"sample": {"0": {"execution_time": 0.26438426971435547, "passed": true}, "1": {"execution_time": 0.3918111324310303, "passed": true}, "2": {"execution_time": 0.3941783905029297, "passed": true}, "3": {"execution_time": 0.3635284900665283, "passed": true}, "4": {"execution_time": 0.4181945323944092, "passed": true}, "5": {"execution_time": 0.2527134418487549, "passed": true}, "6": {"execution_time": 0.30925703048706055, "passed": true}, "7": {"execution_time": 0.24524593353271484, "passed": true}, "8": {"execution_time": 0.4349207878112793, "passed": true}, "9": {"execution_time": 0.38802456855773926, "passed": true}, "10": {"execution_time": 0.2894163131713867, "passed": true}, "11": {"execution_time": 0.28866076469421387, "passed": true}, "12": {"execution_time": 0.3694877624511719, "passed": true}, "13": {"execution_time": 1.0806946754455566, "passed": true}, "14": {"execution_time": 0.2211318016052246, "passed": true}}}, "check_style_score": "0/1"}