{"version": "1", "message": "ERROR: Hidden Testcases server unreachable.", "problem_id": "ads2_m4_a1_1", "user_id": "Abhilash11Addanki", "score": {"sample": {"0": {"execution_time": 0.30713510513305664, "passed": true}, "1": {"execution_time": 0.25003600120544434, "passed": true}, "2": {"execution_time": 0.285388708114624, "passed": true}, "3": {"execution_time": 0.2958695888519287, "passed": true}, "4": {"execution_time": 0.24102497100830078, "passed": true}, "5": {"execution_time": 0.24021697044372559, "passed": true}, "6": {"execution_time": 0.22672295570373535, "passed": true}, "7": {"execution_time": 0.3393361568450928, "passed": true}, "8": {"execution_time": 0.24776601791381836, "passed": true}, "9": {"execution_time": 0.2292168140411377, "passed": true}, "10": {"execution_time": 0.2171764373779297, "passed": true}, "11": {"execution_time": 0.20938658714294434, "passed": true}, "12": {"execution_time": 0.21938729286193848, "passed": true}, "13": {"execution_time": 1.0702216625213623, "passed": true}, "14": {"execution_time": 0.22980308532714844, "passed": true}}}, "check_style_score": "1/1"}