{"version": "1", "message": "ERROR: Hidden Testcases server unreachable.", "problem_id": "ads2_m4_a1_1", "user_id": "Abhilash11Addanki", "score": {"sample": {"0": {"execution_time": 0.3588597774505615, "passed": true}, "1": {"execution_time": 0.5138664245605469, "passed": true}, "2": {"execution_time": 0.4206244945526123, "passed": true}, "3": {"execution_time": 0.48990488052368164, "passed": true}, "4": {"execution_time": 0.2811295986175537, "passed": true}, "5": {"execution_time": 0.3723170757293701, "passed": true}, "6": {"execution_time": 0.3368043899536133, "passed": true}, "7": {"execution_time": 0.3678569793701172, "passed": true}, "8": {"execution_time": 0.3417055606842041, "passed": true}, "9": {"execution_time": 0.39075303077697754, "passed": true}, "10": {"execution_time": 0.27234840393066406, "passed": true}, "11": {"execution_time": 0.4102966785430908, "passed": true}, "12": {"execution_time": 0.22040057182312012, "passed": true}, "13": {"execution_time": 1.1390705108642578, "passed": true}, "14": {"execution_time": 0.3818225860595703, "passed": true}}}, "check_style_score": "0/1"}