{"version": "1", "message": "ERROR: Hidden Testcases server unreachable.", "problem_id": "ads2_m4_a1_1", "user_id": "Abhilash11Addanki", "score": {"sample": {"0": {"execution_time": 0.3744640350341797, "passed": true}, "1": {"execution_time": 0.39870285987854004, "passed": true}, "2": {"execution_time": 0.2748749256134033, "passed": true}, "3": {"execution_time": 0.38932275772094727, "passed": true}, "4": {"execution_time": 0.3927896022796631, "passed": true}, "5": {"execution_time": 0.3385131359100342, "passed": true}, "6": {"execution_time": 0.34138011932373047, "passed": true}, "7": {"execution_time": 0.34705615043640137, "passed": true}, "8": {"execution_time": 0.39287781715393066, "passed": true}, "9": {"execution_time": 0.2844715118408203, "passed": true}, "10": {"execution_time": 0.2823014259338379, "passed": true}, "11": {"execution_time": 0.27448153495788574, "passed": true}, "12": {"execution_time": 0.3751814365386963, "passed": true}, "13": {"execution_time": 1.055286169052124, "passed": true}, "14": {"execution_time": 0.24602937698364258, "passed": true}}}, "check_style_score": "0/1"}