{"version": "1", "message": "ERROR: Hidden Testcases server unreachable.", "problem_id": "ads2_m4_a1_1", "user_id": "Abhilash11Addanki", "score": {"sample": {"0": {"execution_time": 0.2793612480163574, "passed": true}, "1": {"execution_time": 0.21790242195129395, "passed": false}, "2": {"execution_time": 0.23104476928710938, "passed": false}, "3": {"execution_time": 0.2415463924407959, "passed": false}, "4": {"execution_time": 0.19958138465881348, "passed": false}, "5": {"execution_time": 0.20054197311401367, "passed": false}, "6": {"execution_time": 0.1950516700744629, "passed": false}, "7": {"execution_time": 0.20291972160339355, "passed": false}, "8": {"execution_time": 0.23025059700012207, "passed": false}, "9": {"execution_time": 0.2284398078918457, "passed": false}, "10": {"execution_time": 0.24179697036743164, "passed": false}, "11": {"execution_time": 0.19453954696655273, "passed": false}, "12": {"execution_time": 0.20412397384643555, "passed": false}, "13": {"execution_time": 0.6453092098236084, "passed": false}, "14": {"execution_time": 0.22675561904907227, "passed": false}}}, "check_style_score": "0/1"}