{"version": "1", "message": "ERROR: Hidden Testcases server unreachable.", "problem_id": "ads2_m4_a1_1", "user_id": "Abhilash11Addanki", "score": {"sample": {"0": {"execution_time": 0.37264084815979004, "passed": true}, "1": {"execution_time": 0.3411109447479248, "passed": true}, "2": {"execution_time": 0.4567294120788574, "passed": true}, "3": {"execution_time": 0.5112283229827881, "passed": true}, "4": {"execution_time": 0.22866559028625488, "passed": true}, "5": {"execution_time": 0.3259093761444092, "passed": true}, "6": {"execution_time": 0.3755486011505127, "passed": true}, "7": {"execution_time": 0.36623525619506836, "passed": true}, "8": {"execution_time": 0.424144983291626, "passed": true}, "9": {"execution_time": 0.3815310001373291, "passed": true}, "10": {"execution_time": 0.37737488746643066, "passed": true}, "11": {"execution_time": 0.22622251510620117, "passed": true}, "12": {"execution_time": 0.4418480396270752, "passed": true}, "13": {"execution_time": 1.0143816471099854, "passed": true}, "14": {"execution_time": 0.26978540420532227, "passed": true}}}, "check_style_score": "0/1"}