{"version": "1", "message": "ERROR: Hidden Testcases server unreachable.", "problem_id": "ads2_m4_a1_1", "user_id": "Abhilash11Addanki", "score": {"sample": {"0": {"execution_time": 0.2667396068572998, "passed": true}, "1": {"execution_time": 0.398909330368042, "passed": true}, "2": {"execution_time": 0.3802471160888672, "passed": true}, "3": {"execution_time": 0.42766261100769043, "passed": true}, "4": {"execution_time": 0.42886900901794434, "passed": true}, "5": {"execution_time": 0.38114285469055176, "passed": true}, "6": {"execution_time": 0.2342545986175537, "passed": true}, "7": {"execution_time": 0.3849830627441406, "passed": true}, "8": {"execution_time": 0.4832191467285156, "passed": true}, "9": {"execution_time": 0.3486621379852295, "passed": true}, "10": {"execution_time": 0.30403780937194824, "passed": true}, "11": {"execution_time": 0.20940923690795898, "passed": true}, "12": {"execution_time": 0.388413667678833, "passed": true}, "13": {"execution_time": 0.9744234085083008, "passed": true}, "14": {"execution_time": 0.3865163326263428, "passed": true}}}, "check_style_score": "0/1"}