{"version": "1", "message": "ERROR: Hidden Testcases server unreachable.", "problem_id": "ads2_m4_a1_1", "user_id": "Abhilash11Addanki", "score": {"sample": {"0": {"execution_time": 0.262706995010376, "passed": true}, "1": {"execution_time": 0.21522188186645508, "passed": false}, "2": {"execution_time": 0.2332446575164795, "passed": false}, "3": {"execution_time": 0.24747443199157715, "passed": false}, "4": {"execution_time": 0.19464945793151855, "passed": false}, "5": {"execution_time": 0.2014751434326172, "passed": false}, "6": {"execution_time": 0.20246648788452148, "passed": false}, "7": {"execution_time": 0.20232462882995605, "passed": false}, "8": {"execution_time": 0.2313530445098877, "passed": false}, "9": {"execution_time": 0.19693899154663086, "passed": false}, "10": {"execution_time": 0.19842243194580078, "passed": false}, "11": {"execution_time": 0.19932293891906738, "passed": false}, "12": {"execution_time": 0.201399564743042, "passed": false}, "13": {"execution_time": 0.6844191551208496, "passed": false}, "14": {"execution_time": 0.21241068840026855, "passed": false}}}, "check_style_score": "0/1"}