{"version": "1", "message": "ERROR: Hidden Testcases server unreachable.", "problem_id": "ads2_m4_a1_1", "user_id": "Abhilash11Addanki", "score": {"sample": {"0": {"execution_time": 0.35636305809020996, "passed": true}, "1": {"execution_time": 0.3806426525115967, "passed": true}, "2": {"execution_time": 0.4806666374206543, "passed": true}, "3": {"execution_time": 0.44745755195617676, "passed": true}, "4": {"execution_time": 0.256702184677124, "passed": true}, "5": {"execution_time": 0.40109753608703613, "passed": true}, "6": {"execution_time": 0.2280886173248291, "passed": true}, "7": {"execution_time": 0.2307295799255371, "passed": true}, "8": {"execution_time": 0.4003889560699463, "passed": true}, "9": {"execution_time": 0.3630177974700928, "passed": true}, "10": {"execution_time": 0.36409497261047363, "passed": true}, "11": {"execution_time": 0.3739616870880127, "passed": true}, "12": {"execution_time": 0.32981204986572266, "passed": true}, "13": {"execution_time": 0.9878883361816406, "passed": true}, "14": {"execution_time": 0.4376077651977539, "passed": true}}}, "check_style_score": "0/1"}