{"version": "1", "message": "ERROR: Hidden Testcases server unreachable.", "problem_id": "ads2_m4_a1_1", "user_id": "Abhilash11Addanki", "score": {"sample": {"0": {"execution_time": 0.3162858486175537, "passed": true}, "1": {"execution_time": 0.4291872978210449, "passed": true}, "2": {"execution_time": 0.4902076721191406, "passed": true}, "3": {"execution_time": 0.4480252265930176, "passed": true}, "4": {"execution_time": 0.419205904006958, "passed": true}, "5": {"execution_time": 0.22580409049987793, "passed": true}, "6": {"execution_time": 0.3616297245025635, "passed": true}, "7": {"execution_time": 0.4223165512084961, "passed": true}, "8": {"execution_time": 0.44223952293395996, "passed": true}, "9": {"execution_time": 0.28179240226745605, "passed": true}, "10": {"execution_time": 0.34842419624328613, "passed": true}, "11": {"execution_time": 0.39360833168029785, "passed": true}, "12": {"execution_time": 0.30350756645202637, "passed": true}, "13": {"execution_time": 1.1734225749969482, "passed": true}, "14": {"execution_time": 0.37648701667785645, "passed": true}}}, "check_style_score": "0/1"}