{"version": "1", "message": "ERROR: Hidden Testcases server unreachable.", "problem_id": "ads2_m4_a1_1", "user_id": "Abhilash11Addanki", "score": {"sample": {"0": {"execution_time": 0.20641088485717773, "passed": false}, "1": {"execution_time": 0.215501070022583, "passed": false}, "2": {"execution_time": 0.22504544258117676, "passed": false}, "3": {"execution_time": 0.2422647476196289, "passed": false}, "4": {"execution_time": 0.19327473640441895, "passed": false}, "5": {"execution_time": 0.20603370666503906, "passed": false}, "6": {"execution_time": 0.1922013759613037, "passed": false}, "7": {"execution_time": 0.1933293342590332, "passed": false}, "8": {"execution_time": 0.19625377655029297, "passed": false}, "9": {"execution_time": 0.19200396537780762, "passed": false}, "10": {"execution_time": 0.2056102752685547, "passed": false}, "11": {"execution_time": 0.19350481033325195, "passed": true}, "12": {"execution_time": 0.20304155349731445, "passed": true}, "13": {"execution_time": 0.6208362579345703, "passed": false}, "14": {"execution_time": 0.20139479637145996, "passed": false}}}, "check_style_score": "0/1"}