{"version": "1", "message": "ERROR: Hidden Testcases server unreachable.", "problem_id": "ads2_m4_a1_1", "user_id": "Abhilash11Addanki", "score": {"sample": {"0": {"execution_time": 0.38770198822021484, "passed": true}, "1": {"execution_time": 0.2781078815460205, "passed": true}, "2": {"execution_time": 0.3654212951660156, "passed": true}, "3": {"execution_time": 0.2894573211669922, "passed": true}, "4": {"execution_time": 0.4114222526550293, "passed": true}, "5": {"execution_time": 0.4031350612640381, "passed": true}, "6": {"execution_time": 0.3827073574066162, "passed": true}, "7": {"execution_time": 0.32868266105651855, "passed": true}, "8": {"execution_time": 0.4862968921661377, "passed": true}, "9": {"execution_time": 0.41498637199401855, "passed": true}, "10": {"execution_time": 0.3211808204650879, "passed": true}, "11": {"execution_time": 0.2212986946105957, "passed": true}, "12": {"execution_time": 0.36251020431518555, "passed": true}, "13": {"execution_time": 1.0839061737060547, "passed": true}, "14": {"execution_time": 0.3137021064758301, "passed": true}}}, "check_style_score": "0/1"}