{"version": "1", "message": "ERROR: Hidden Testcases server unreachable.", "problem_id": "ads2_m4_a1_1", "user_id": "Abhilash11Addanki", "score": {"sample": {"0": {"execution_time": 0.3493533134460449, "passed": true}, "1": {"execution_time": 0.37998032569885254, "passed": true}, "2": {"execution_time": 0.36844682693481445, "passed": true}, "3": {"execution_time": 0.4202146530151367, "passed": true}, "4": {"execution_time": 0.24280023574829102, "passed": true}, "5": {"execution_time": 0.40998268127441406, "passed": true}, "6": {"execution_time": 0.4201538562774658, "passed": true}, "7": {"execution_time": 0.24240565299987793, "passed": true}, "8": {"execution_time": 0.303790807723999, "passed": true}, "9": {"execution_time": 0.43885135650634766, "passed": true}, "10": {"execution_time": 0.3470299243927002, "passed": true}, "11": {"execution_time": 0.3649632930755615, "passed": true}, "12": {"execution_time": 0.22679924964904785, "passed": true}, "13": {"execution_time": 1.1062285900115967, "passed": true}, "14": {"execution_time": 0.4493436813354492, "passed": true}}}, "check_style_score": "0/1"}