{"version": "1", "message": "ERROR: Hidden Testcases server unreachable.", "problem_id": "ads2_m4_a1_1", "user_id": "Abhilash11Addanki", "score": {"sample": {"0": {"execution_time": 0.4262690544128418, "passed": true}, "1": {"execution_time": 0.369229793548584, "passed": true}, "2": {"execution_time": 0.49290943145751953, "passed": true}, "3": {"execution_time": 0.38841986656188965, "passed": true}, "4": {"execution_time": 0.3825070858001709, "passed": true}, "5": {"execution_time": 0.4426119327545166, "passed": true}, "6": {"execution_time": 0.3045988082885742, "passed": true}, "7": {"execution_time": 0.3757166862487793, "passed": true}, "8": {"execution_time": 0.29325222969055176, "passed": true}, "9": {"execution_time": 0.3641960620880127, "passed": true}, "10": {"execution_time": 0.35162949562072754, "passed": true}, "11": {"execution_time": 0.3535645008087158, "passed": true}, "12": {"execution_time": 0.40905261039733887, "passed": true}, "13": {"execution_time": 1.1698966026306152, "passed": true}, "14": {"execution_time": 0.33414363861083984, "passed": true}}}, "check_style_score": "0/1"}