{"version": "1", "message": "ERROR: Hidden Testcases server unreachable.", "problem_id": "ads2_m4_a1_1", "user_id": "Abhilash11Addanki", "score": {"sample": {"0": {"execution_time": 0.3333919048309326, "passed": true}, "1": {"execution_time": 0.45366597175598145, "passed": false}, "2": {"execution_time": 0.3421659469604492, "passed": false}, "3": {"execution_time": 0.4961090087890625, "passed": false}, "4": {"execution_time": 0.2852776050567627, "passed": true}, "5": {"execution_time": 0.33480143547058105, "passed": false}, "6": {"execution_time": 0.42755818367004395, "passed": false}, "7": {"execution_time": 0.3833346366882324, "passed": false}, "8": {"execution_time": 0.3807559013366699, "passed": true}, "9": {"execution_time": 0.3777952194213867, "passed": true}, "10": {"execution_time": 0.3774833679199219, "passed": true}, "11": {"execution_time": 0.37996530532836914, "passed": true}, "12": {"execution_time": 0.3437938690185547, "passed": true}, "13": {"execution_time": 0.9155409336090088, "passed": false}, "14": {"execution_time": 0.2820723056793213, "passed": true}}}, "check_style_score": "0/1"}