{"version": "1", "message": "ERROR: Hidden Testcases server unreachable.", "problem_id": "ads2_m4_a1_1", "user_id": "Abhilash11Addanki", "score": {"sample": {"0": {"execution_time": 0.38433408737182617, "passed": true}, "1": {"execution_time": 0.2778902053833008, "passed": true}, "2": {"execution_time": 0.31581807136535645, "passed": true}, "3": {"execution_time": 0.29784059524536133, "passed": true}, "4": {"execution_time": 0.3545498847961426, "passed": true}, "5": {"execution_time": 0.3376591205596924, "passed": true}, "6": {"execution_time": 0.3562450408935547, "passed": true}, "7": {"execution_time": 0.36382436752319336, "passed": true}, "8": {"execution_time": 0.3569004535675049, "passed": true}, "9": {"execution_time": 0.3240067958831787, "passed": true}, "10": {"execution_time": 0.3215808868408203, "passed": true}, "11": {"execution_time": 0.33913230895996094, "passed": true}, "12": {"execution_time": 0.2751305103302002, "passed": true}, "13": {"execution_time": 1.3753767013549805, "passed": true}, "14": {"execution_time": 0.3256065845489502, "passed": true}}}, "check_style_score": "1/1"}