{"version": "1", "message": "ERROR: Hidden Testcases server unreachable.", "problem_id": "ads2_m4_a1_1", "user_id": "Abhilash11Addanki", "score": {"sample": {"0": {"execution_time": 0.23883795738220215, "passed": true}, "1": {"execution_time": 0.20523476600646973, "passed": false}, "2": {"execution_time": 0.2282702922821045, "passed": false}, "3": {"execution_time": 0.24071455001831055, "passed": false}, "4": {"execution_time": 0.19904613494873047, "passed": false}, "5": {"execution_time": 0.19362688064575195, "passed": false}, "6": {"execution_time": 0.19314980506896973, "passed": false}, "7": {"execution_time": 0.20127534866333008, "passed": false}, "8": {"execution_time": 0.22858023643493652, "passed": false}, "9": {"execution_time": 0.1938939094543457, "passed": true}, "10": {"execution_time": 0.20451593399047852, "passed": true}, "11": {"execution_time": 0.19614648818969727, "passed": false}, "12": {"execution_time": 0.19959330558776855, "passed": false}, "13": {"execution_time": 0.64044189453125, "passed": false}, "14": {"execution_time": 0.19904375076293945, "passed": true}}}, "check_style_score": "0/1"}