{"version": "1", "message": "ERROR: Hidden Testcases server unreachable.", "problem_id": "ads2_m4_a1_1", "user_id": "Abhilash11Addanki", "score": {"sample": {"0": {"execution_time": 0.4121417999267578, "passed": true}, "1": {"execution_time": 0.3310556411743164, "passed": true}, "2": {"execution_time": 0.37421512603759766, "passed": true}, "3": {"execution_time": 0.361940860748291, "passed": true}, "4": {"execution_time": 0.3703579902648926, "passed": true}, "5": {"execution_time": 0.3559131622314453, "passed": true}, "6": {"execution_time": 0.4274578094482422, "passed": true}, "7": {"execution_time": 0.39547181129455566, "passed": true}, "8": {"execution_time": 0.36741089820861816, "passed": true}, "9": {"execution_time": 0.2888498306274414, "passed": true}, "10": {"execution_time": 0.43544960021972656, "passed": true}, "11": {"execution_time": 0.35660624504089355, "passed": true}, "12": {"execution_time": 0.24860858917236328, "passed": true}, "13": {"execution_time": 0.914283275604248, "passed": true}, "14": {"execution_time": 0.3479480743408203, "passed": true}}}, "check_style_score": "0/1"}