{"version": "1", "message": "ERROR: Hidden Testcases server unreachable.", "problem_id": "ads2_m4_a1_1", "user_id": "Abhilash11Addanki", "score": {"sample": {"0": {"execution_time": 0.4283783435821533, "passed": true}, "1": {"execution_time": 0.3459041118621826, "passed": true}, "2": {"execution_time": 0.40938901901245117, "passed": true}, "3": {"execution_time": 0.3545873165130615, "passed": true}, "4": {"execution_time": 0.3091919422149658, "passed": true}, "5": {"execution_time": 0.39226794242858887, "passed": true}, "6": {"execution_time": 0.41050124168395996, "passed": true}, "7": {"execution_time": 0.321702241897583, "passed": true}, "8": {"execution_time": 0.45903801918029785, "passed": true}, "9": {"execution_time": 0.29798150062561035, "passed": true}, "10": {"execution_time": 0.35480451583862305, "passed": true}, "11": {"execution_time": 0.3606555461883545, "passed": true}, "12": {"execution_time": 0.3726170063018799, "passed": true}, "13": {"execution_time": 1.0957889556884766, "passed": true}, "14": {"execution_time": 0.27081918716430664, "passed": true}}}, "check_style_score": "0/1"}