{"version": "1", "message": "ERROR: Hidden Testcases server unreachable.", "problem_id": "ads2_m4_a1_1", "user_id": "Abhilash11Addanki", "score": {"sample": {"0": {"execution_time": 0.450512170791626, "passed": true}, "1": {"execution_time": 0.23926186561584473, "passed": true}, "2": {"execution_time": 0.4219536781311035, "passed": true}, "3": {"execution_time": 0.4954397678375244, "passed": true}, "4": {"execution_time": 0.23865818977355957, "passed": true}, "5": {"execution_time": 0.42684245109558105, "passed": true}, "6": {"execution_time": 0.4535186290740967, "passed": true}, "7": {"execution_time": 0.38429999351501465, "passed": true}, "8": {"execution_time": 0.257368803024292, "passed": true}, "9": {"execution_time": 0.30265235900878906, "passed": true}, "10": {"execution_time": 0.22635507583618164, "passed": true}, "11": {"execution_time": 0.4123690128326416, "passed": true}, "12": {"execution_time": 0.36076974868774414, "passed": true}, "13": {"execution_time": 1.0686471462249756, "passed": true}, "14": {"execution_time": 0.20931053161621094, "passed": true}}}, "check_style_score": "0/1"}